position_id,symbol,entry_time,exit_time,entry_price,exit_price,profit,adverse
450766394,USDJPY,2026-08-06 09:00:54,2026-08-06 11:05:46,157.851,157.897,-291.33,"{'adverse_buy': np.float64(-0.03100000000000591), 'adverse_sell': np.float64(0.08600000000001273)}"
450766053,USDJPY,2026-08-06 08:40:50,2026-08-06 13:43:31,157.827,157.941,-0.72,"{'adverse_buy': np.float64(-0.03100000000000591), 'adverse_sell': np.float64(0.12000000000000455)}"
450695432,AUDUSD,2026-08-06 06:38:31,2026-08-06 07:39:33,0.70417,0.70379,-0.38,"{'adverse_buy': np.float64(-0.00039999999999995595), 'adverse_sell': np.float64(0.000280000000000058)}"
450672746,AUDUSD,2026-08-06 05:44:49,2026-08-06 07:39:32,0.70469,0.70382,-0.87,"{'adverse_buy': np.float64(-0.0009200000000000319), 'adverse_sell': np.float64(0.00019999999999997797)}"
450543173,USTEC,2026-08-05 22:50:45,2026-08-05 23:34:41,29538.32,29492.83,-454.9,"{'adverse_buy': np.float64(-61.0099999999984), 'adverse_sell': np.float64(11.549999999999272)}"
450543066,USDCAD,2026-08-05 22:36:44,2026-08-06 00:57:36,1.40111,1.40081,-214.16,"{'adverse_buy': np.float64(-0.0006200000000000649), 'adverse_sell': np.float64(0.00017000000000000348)}"
450541120,USTEC,2026-08-05 22:24:51,2026-08-06 00:57:36,29537.52,29440.14,-4.87,"{'adverse_buy': np.float64(-129.63999999999942), 'adverse_sell': np.float64(41.349999999998545)}"
450530516,USDCAD,2026-08-05 22:00:38,2026-08-05 22:14:41,1.40117,1.40117,0.0,"{'adverse_buy': np.float64(-0.00025999999999992696), 'adverse_sell': np.float64(0.00015999999999993797)}"
450532718,BTCUSD,2026-08-05 21:51:45,2026-08-05 22:16:01,64682.24,64627.3,549.4,"{'adverse_buy': np.float64(-102.43000000000029), 'adverse_sell': np.float64(31.540000000000873)}"
450524939,USDCAD,2026-08-05 20:51:41,2026-08-05 21:02:42,1.4010799999999999,1.4011500000000001,49.96,"{'adverse_buy': np.float64(-9.999999999843467e-06), 'adverse_sell': np.float64(0.00010000000000021103)}"
450520953,BTCUSD,2026-08-05 20:35:33,2026-08-05 20:48:16,64921.67,64849.560000000005,721.1,"{'adverse_buy': np.float64(-87.55999999999767), 'adverse_sell': np.float64(25.160000000003492)}"
450520627,BTCUSD,2026-08-05 20:20:48,2026-08-05 20:20:59,64874.7,64986.67,-559.85,"{'adverse_buy': np.float64(-59.43000000000029), 'adverse_sell': np.float64(123.35000000000582)}"
450519357,ETHUSD,2026-08-05 20:17:12,2026-08-05 21:03:08,1919.06,1908.41,10.65,"{'adverse_buy': np.float64(-12.779999999999973), 'adverse_sell': np.float64(4.230000000000018)}"
450519298,ETHUSD,2026-08-05 20:16:51,2026-08-05 21:03:02,1919.5900000000001,1909.0200000000002,1.06,"{'adverse_buy': np.float64(-13.310000000000173), 'adverse_sell': np.float64(3.699999999999818)}"
450516285,BTCUSD,2026-08-05 20:14:50,2026-08-05 20:19:08,64863.73,64856.44,36.45,"{'adverse_buy': np.float64(-57.24000000000524), 'adverse_sell': np.float64(134.3199999999997)}"
450516498,BTCUSD,2026-08-05 20:07:54,2026-08-05 21:03:13,64776.47,64735.74,2.03,"{'adverse_buy': np.float64(-123.98999999999796), 'adverse_sell': np.float64(221.58000000000175)}"
450515799,BTCUSD,2026-08-05 20:06:53,2026-08-05 20:22:12,64751.39,64949.3,-1.98,"{'adverse_buy': np.float64(-1.0999999999985448), 'adverse_sell': np.float64(246.6600000000035)}"
450496539,USDCAD,2026-08-05 19:21:25,2026-08-05 20:20:56,1.4012000000000002,1.40134,9.99,"{'adverse_buy': np.float64(-0.00032000000000032003), 'adverse_sell': np.float64(0.00027999999999983594)}"
450496332,USDCAD,2026-08-05 19:20:51,2026-08-06 00:57:36,1.40117,1.40081,-0.26,"{'adverse_buy': np.float64(-0.0006800000000000139), 'adverse_sell': np.float64(0.00031000000000003247)}"
450450740,US30,2026-08-05 18:00:25,2026-08-05 18:01:01,54614.0,54606.1,39.5,"{'adverse_buy': np.float64(-14.0), 'adverse_sell': np.float64(24.0)}"
450437150,US30,2026-08-05 17:50:22,2026-08-05 17:58:41,54649.1,54628.1,105.0,"{'adverse_buy': np.float64(-49.099999999998545), 'adverse_sell': np.float64(0.9000000000014552)}"
450435275,USDCHF,2026-08-05 17:30:32,2026-08-05 18:01:33,0.8075100000000001,0.80688,-3.9,"{'adverse_buy': np.float64(-0.0008000000000000229), 'adverse_sell': np.float64(6.999999999990347e-05)}"
450359472,USDCHF,2026-08-05 15:42:45,2026-08-05 17:27:07,0.80715,0.80753,23.53,"{'adverse_buy': np.float64(-4.999999999999449e-05), 'adverse_sell': np.float64(0.0009199999999999209)}"
450359337,USDCHF,2026-08-05 15:30:50,2026-08-05 18:01:36,0.8075200000000001,0.8068700000000001,-0.81,"{'adverse_buy': np.float64(-0.0008100000000000884), 'adverse_sell': np.float64(0.0005499999999998284)}"
450351579,US30,2026-08-05 15:21:03,2026-08-05 17:33:49,54624.1,54609.8,14.3,"{'adverse_buy': np.float64(-93.09999999999854), 'adverse_sell': np.float64(13.900000000001455)}"
450352749,US30,2026-08-05 15:19:58,2026-08-05 15:28:51,54604.0,54580.1,1.2,"{'adverse_buy': np.float64(-51.0), 'adverse_sell': np.float64(68.0)}"
450349959,US30,2026-08-05 15:16:49,2026-08-05 20:18:08,54650.0,54471.0,8.95,"{'adverse_buy': np.float64(-255.5), 'adverse_sell': np.float64(22.0)}"
450259173,US30,2026-08-05 13:32:50,2026-08-05 13:39:54,54538.0,54662.2,-6.21,"{'adverse_buy': np.float64(-108.0), 'adverse_sell': np.float64(130.90000000000146)}"
450257108,US30,2026-08-05 13:30:49,2026-08-05 13:31:26,54520.9,54592.3,-3.57,"{'adverse_buy': np.float64(-90.90000000000146), 'adverse_sell': np.float64(148.0)}"
450143680,GBPJPY,2026-08-05 11:36:18,2026-08-05 14:20:56,212.423,212.28099999999998,90.21,"{'adverse_buy': np.float64(-0.42900000000000205), 'adverse_sell': np.float64(0.009999999999990905)}"
450144581,DE30,2026-08-05 11:15:24,2026-08-05 12:07:29,26223.9,26250.2,2.13,"{'adverse_buy': np.float64(0.0), 'adverse_sell': np.float64(58.0)}"
449982048,US30,2026-08-05 10:40:33,2026-08-05 13:30:06,54364.7,54473.2,-108.5,"{'adverse_buy': np.float64(-16.69999999999709), 'adverse_sell': np.float64(304.20000000000437)}"
450062852,GBPJPY,2026-08-05 08:57:24,2026-08-05 13:22:17,212.367,212.281,0.55,"{'adverse_buy': np.float64(-0.21999999999999886), 'adverse_sell': np.float64(0.1670000000000016)}"
450043425,XAUUSD,2026-08-05 08:15:25,2026-08-05 10:55:55,4165.601,4159.795,5.8,"{'adverse_buy': np.float64(-15.271999999999935), 'adverse_sell': np.float64(2.8070000000006985)}"
450043420,XAGUSD,2026-08-05 08:15:24,2026-08-05 10:55:55,61.593,61.274,15.95,"{'adverse_buy': np.float64(-0.507000000000005), 'adverse_sell': np.float64(0.07499999999999574)}"
449981877,USTEC,2026-08-05 06:33:00,2026-08-05 13:45:08,29856.21,29961.83,-105.62,"{'adverse_buy': np.float64(-160.0699999999997), 'adverse_sell': np.float64(115.79999999999927)}"
449939143,XAUUSD,2026-08-05 04:51:25,2026-08-05 05:38:43,4134.115,4153.211,-19.09,"{'adverse_buy': np.float64(-1.407999999999447), 'adverse_sell': np.float64(25.66400000000067)}"
449939138,XAGUSD,2026-08-05 04:51:24,2026-08-05 05:31:14,60.703,61.183,-24.0,"{'adverse_buy': np.float64(-0.044000000000004036), 'adverse_sell': np.float64(0.5549999999999997)}"
449928707,DE30,2026-08-05 04:15:23,2026-08-05 05:25:55,26430.4,26415.8,1.18,"{'adverse_buy': np.float64(-67.60000000000218), 'adverse_sell': np.float64(5.0)}"
449827037,US500,2026-08-04 23:35:27,2026-08-05 05:51:04,7757.47,7778.56,-2.95,"{'adverse_buy': np.float64(-0.5200000000004366), 'adverse_sell': np.float64(23.25999999999931)}"
449827034,DE30,2026-08-04 23:35:25,2026-08-05 01:10:03,26405.600000000002,26388.0,1.42,"{'adverse_buy': np.float64(-46.70000000000073), 'adverse_sell': np.float64(27.999999999996362)}"
449821752,EURUSD,2026-08-04 23:21:25,2026-08-05 02:01:22,1.15308,1.1529099999999999,0.17,"{'adverse_buy': np.float64(-0.000400000000000178), 'adverse_sell': np.float64(0.00046999999999997044)}"
449809208,XAUUSD,2026-08-04 22:58:05,2026-08-04 22:59:29,4077.249,4075.871,-137.8,"{'adverse_buy': np.float64(-8.778999999999996), 'adverse_sell': np.float64(4.117000000000189)}"
449811957,USOIL,2026-08-04 22:57:26,2026-08-05 00:05:13,74.535,73.854,-6.8100000000000005,"{'adverse_buy': np.float64(-0.9239999999999924), 'adverse_sell': np.float64(0.008000000000009777)}"
449749067,US500,2026-08-04 20:47:10,2026-08-05 03:12:03,7753.67,7772.47,-18.8,"{'adverse_buy': np.float64(-3.0399999999999636), 'adverse_sell': np.float64(19.56999999999971)}"
449763133,USTEC,2026-08-04 20:43:24,2026-08-05 13:35:52,29712.2,29920.78,-104.29,"{'adverse_buy': np.float64(-36.61000000000058), 'adverse_sell': np.float64(244.86999999999898)}"
449772585,AUDUSD,2026-08-04 20:39:42,2026-08-05 00:23:36,0.70457,0.70531,-74.0,"{'adverse_buy': np.float64(-0.00043999999999999595), 'adverse_sell': np.float64(0.0007499999999999174)}"
449772518,AUDUSD,2026-08-04 20:39:24,2026-08-05 00:23:36,0.70457,0.70529,-0.72,"{'adverse_buy': np.float64(-0.00043999999999999595), 'adverse_sell': np.float64(0.0007499999999999174)}"
449772234,US30,2026-08-04 20:38:59,2026-08-05 02:49:29,54267.0,54375.5,-542.5,"{'adverse_buy': np.float64(-14.0), 'adverse_sell': np.float64(108.90000000000146)}"
449768048,USOIL,2026-08-04 20:34:16,2026-08-05 00:05:08,74.49,74.142,-174.0,"{'adverse_buy': np.float64(-0.8789999999999907), 'adverse_sell': np.float64(0.28600000000000136)}"
449762934,USTEC,2026-08-04 20:21:25,2026-08-05 13:44:59,29690.74,29955.64,-13.25,"{'adverse_buy': np.float64(-30.5), 'adverse_sell': np.float64(281.2699999999968)}"
449757182,USOIL,2026-08-04 20:12:11,2026-08-04 20:30:41,74.509,74.77,1305.0,"{'adverse_buy': np.float64(-0.1389999999999958), 'adverse_sell': np.float64(0.2879999999999967)}"
449756170,USTEC,2026-08-04 20:09:13,2026-08-04 20:21:00,29808.99,29685.63,616.8,"{'adverse_buy': np.float64(-150.9900000000016), 'adverse_sell': np.float64(35.73999999999796)}"
449750617,USTEC,2026-08-04 20:01:13,2026-08-04 20:06:23,29769.48,29836.81,-336.65,"{'adverse_buy': np.float64(-21.989999999997963), 'adverse_sell': np.float64(75.25)}"
449726732,US30,2026-08-04 20:01:02,2026-08-05 03:47:19,54288.1,54396.6,-10.85,"{'adverse_buy': np.float64(-133.59999999999854), 'adverse_sell': np.float64(113.80000000000291)}"
449749621,US30,2026-08-04 20:00:09,2026-08-05 02:21:18,54188.3,54356.0,-838.5,"{'adverse_buy': np.float64(-33.80000000000291), 'adverse_sell': np.float64(177.59999999999854)}"
449748832,US500,2026-08-04 19:58:22,2026-08-04 20:19:57,7745.63,7744.46,0.59,"{'adverse_buy': np.float64(-4.0), 'adverse_sell': np.float64(15.75)}"
449746773,USTEC,2026-08-04 19:55:27,2026-08-04 20:21:06,29773.98,29687.88,4.31,"{'adverse_buy': np.float64(-115.97999999999956), 'adverse_sell': np.float64(70.75)}"
449746761,US500,2026-08-04 19:55:25,2026-08-04 20:19:53,7747.39,7743.59,0.53,"{'adverse_buy': np.float64(-5.760000000000218), 'adverse_sell': np.float64(13.989999999999782)}"
449728401,USOIL,2026-08-04 19:21:23,2026-08-05 00:05:08,75.021,74.144,-438.5,"{'adverse_buy': np.float64(-1.4099999999999966), 'adverse_sell': np.float64(0.15099999999999625)}"
449726358,USDCAD,2026-08-04 19:17:52,2026-08-04 20:19:46,1.40675,1.40636,2.77,"{'adverse_buy': np.float64(-0.0005399999999999849), 'adverse_sell': np.float64(7.00000000000145e-05)}"
449697661,US30,2026-08-04 18:56:27,2026-08-04 19:59:04,54217.5,54215.700000000004,9.0,"{'adverse_buy': np.float64(-73.5), 'adverse_sell': np.float64(76.5)}"
449697897,USDCAD,2026-08-04 18:24:27,2026-08-04 19:17:10,1.40763,1.40673,319.89,"{'adverse_buy': np.float64(-0.0013799999999999368), 'adverse_sell': np.float64(0.00024000000000001798)}"
449697416,US30,2026-08-04 18:21:22,2026-08-05 13:30:06,54242.0,54481.9,-12.0,"{'adverse_buy': np.float64(-98.0), 'adverse_sell': np.float64(426.90000000000146)}"
449648413,USDCAD,2026-08-04 17:05:23,2026-08-04 19:17:14,1.4072200000000001,1.40675,0.33,"{'adverse_buy': np.float64(-0.0009700000000001374), 'adverse_sell': np.float64(0.0006499999999998174)}"
449592020,USOIL,2026-08-04 15:33:02,2026-08-04 15:40:46,75.381,74.57900000000001,-401.0,"{'adverse_buy': np.float64(-1.0120000000000005), 'adverse_sell': np.float64(0.125)}"
449569833,US30,2026-08-04 15:01:39,2026-08-04 15:40:46,54042.0,54041.1,0.45,"{'adverse_buy': np.float64(-54.0), 'adverse_sell': np.float64(104.0)}"
449569647,US30,2026-08-04 15:01:24,2026-08-04 15:40:46,54046.0,54041.1,0.25,"{'adverse_buy': np.float64(-58.0), 'adverse_sell': np.float64(100.0)}"
449548737,USOIL,2026-08-04 14:39:49,2026-08-04 15:40:46,75.79899999999999,74.57900000000001,-12.2,"{'adverse_buy': np.float64(-1.4299999999999926), 'adverse_sell': np.float64(0.30700000000000216)}"
449534555,US30,2026-08-04 14:34:00,2026-08-04 15:40:46,53850.4,54041.1,-102.98,"{'adverse_buy': np.float64(-87.40000000000146), 'adverse_sell': np.float64(295.59999999999854)}"
449491544,US30,2026-08-04 13:41:50,2026-08-04 15:40:46,53837.0,54041.1,-10.21,"{'adverse_buy': np.float64(-127.0), 'adverse_sell': np.float64(309.0)}"
449288305,DE30,2026-08-04 10:47:27,2026-08-04 15:40:46,26187.4,26263.4,-43.78,"{'adverse_buy': np.float64(-42.0), 'adverse_sell': np.float64(88.0)}"
449305418,EURGBP,2026-08-04 10:26:26,2026-08-04 13:36:50,0.85631,0.85678,31.6,"{'adverse_buy': np.float64(-0.0001100000000000545), 'adverse_sell': np.float64(0.0006099999999999994)}"
449305014,EURGBP,2026-08-04 10:25:49,2026-08-04 11:31:45,0.85626,0.8564,0.19,"{'adverse_buy': np.float64(-6.0000000000060005e-05), 'adverse_sell': np.float64(0.00042999999999993044)}"
449273560,DE30,2026-08-04 09:32:04,2026-08-04 15:40:46,26160.4,26263.4,-59.33,"{'adverse_buy': np.float64(-65.0), 'adverse_sell': np.float64(115.0)}"
449239363,DE30,2026-08-04 09:23:44,2026-08-04 15:40:46,26157.5,26263.4,-8.54,"{'adverse_buy': np.float64(-62.099999999998545), 'adverse_sell': np.float64(117.90000000000146)}"
449227077,USTEC,2026-08-04 08:04:10,2026-08-04 08:32:39,29012.98,28984.88,1.41,"{'adverse_buy': np.float64(-54.23999999999796), 'adverse_sell': np.float64(16.75)}"
449223946,USTEC,2026-08-04 07:59:50,2026-08-04 09:13:11,28966.48,28920.63,2.29,"{'adverse_buy': np.float64(-60.48999999999796), 'adverse_sell': np.float64(63.25)}"
449221702,US500,2026-08-04 07:53:49,2026-08-04 08:32:24,7625.2300000000005,7622.54,0.38,"{'adverse_buy': np.float64(-6.470000000000255), 'adverse_sell': np.float64(2.2499999999990905)}"
449205128,USDJPY,2026-08-04 07:37:22,2026-08-04 09:07:14,157.73,157.926,-17.38,"{'adverse_buy': np.float64(-0.07200000000000273), 'adverse_sell': np.float64(0.21600000000000819)}"
449205007,USDJPY,2026-08-04 07:22:08,2026-08-04 09:07:44,157.655,157.943,-25.53,"{'adverse_buy': np.float64(-0.04400000000001114), 'adverse_sell': np.float64(0.2909999999999968)}"
449204849,USDJPY,2026-08-04 07:21:49,2026-08-04 09:07:38,157.667,157.939,-1.72,"{'adverse_buy': np.float64(-0.056000000000011596), 'adverse_sell': np.float64(0.27899999999999636)}"
449141283,USDJPY,2026-08-04 03:58:53,2026-08-04 06:14:02,157.66,157.727,-5.95,"{'adverse_buy': np.float64(-0.18299999999999272), 'adverse_sell': np.float64(0.11199999999999477)}"
449141368,GBPJPY,2026-08-04 03:33:55,2026-08-04 06:14:02,211.717,211.744,-2.4,"{'adverse_buy': np.float64(-0.2990000000000066), 'adverse_sell': np.float64(0.0689999999999884)}"
449140688,USDJPY,2026-08-04 03:21:49,2026-08-04 06:14:02,157.627,157.727,-0.63,"{'adverse_buy': np.float64(-0.19900000000001228), 'adverse_sell': np.float64(0.1449999999999818)}"
449140689,GBPJPY,2026-08-04 03:21:49,2026-08-04 05:20:32,211.689,211.581,0.69,"{'adverse_buy': np.float64(-0.2709999999999866), 'adverse_sell': np.float64(0.040000000000020464)}"
449080001,USDJPY,2026-08-04 00:04:17,2026-08-04 02:01:40,157.418,157.685,-23.7,"{'adverse_buy': np.float64(-0.19200000000000728), 'adverse_sell': np.float64(0.3119999999999834)}"
449079382,US30,2026-08-04 00:02:27,2026-08-04 06:14:02,53322.0,53371.1,-6.87,"{'adverse_buy': np.float64(-21.0), 'adverse_sell': np.float64(76.0)}"
449078883,DE30,2026-08-04 00:01:45,2026-08-04 02:10:53,26123.2,26122.9,0.05,"{'adverse_buy': np.float64(-41.79999999999927), 'adverse_sell': np.float64(41.20000000000073)}"
449078305,USTEC,2026-08-04 00:01:06,2026-08-04 05:35:34,28847.73,28950.86,-14.44,"{'adverse_buy': np.float64(-118.73999999999796), 'adverse_sell': np.float64(123.7400000000016)}"
449069690,DE30,2026-08-03 23:31:48,2026-08-04 01:11:53,26116.2,26106.4,0.79,"{'adverse_buy': np.float64(-34.79999999999927), 'adverse_sell': np.float64(12.0)}"
449068458,US30,2026-08-03 23:23:48,2026-08-04 06:14:02,53315.0,53371.1,-2.81,"{'adverse_buy': np.float64(-14.0), 'adverse_sell': np.float64(83.0)}"
449066820,USDJPY,2026-08-03 23:15:49,2026-08-03 23:46:01,157.321,157.569,-1.5699999999999998,"{'adverse_buy': np.float64(-0.06399999999999295), 'adverse_sell': np.float64(0.34899999999998954)}"
449037824,US500,2026-08-03 20:51:21,2026-08-04 01:54:28,7612.2300000000005,7627.12,-2.08,"{'adverse_buy': np.float64(-2.6700000000000728), 'adverse_sell': np.float64(15.549999999999272)}"
449015892,US500,2026-08-03 19:55:48,2026-08-04 06:13:07,7608.2300000000005,7630.6,-3.13,"{'adverse_buy': np.float64(-2.990000000000691), 'adverse_sell': np.float64(22.399999999999636)}"
449009691,BTCUSD,2026-08-03 19:44:10,2026-08-03 22:05:06,63889.450000000004,63399.53,49.0,"{'adverse_buy': np.float64(-565.4200000000055), 'adverse_sell': np.float64(86.65999999999622)}"
448976746,USTEC,2026-08-03 18:46:57,2026-08-04 05:35:34,28801.45,28950.36,-7.45,"{'adverse_buy': np.float64(-72.45999999999913), 'adverse_sell': np.float64(170.02000000000044)}"
448976291,USTEC,2026-08-03 18:45:48,2026-08-04 01:20:08,28801.48,28777.99,1.17,"{'adverse_buy': np.float64(-72.48999999999796), 'adverse_sell': np.float64(71.75)}"
448967953,BTCUSD,2026-08-03 18:25:51,2026-08-04 01:40:44,63832.25,63769.450000000004,0.63,"{'adverse_buy': np.float64(-575.4499999999971), 'adverse_sell': np.float64(206.76000000000204)}"
448926849,BTCUSD,2026-08-03 16:50:44,2026-08-03 22:05:30,63776.060000000005,63369.12,4.07,"{'adverse_buy': np.float64(-452.0300000000061), 'adverse_sell': np.float64(262.9499999999971)}"
448903772,BTCUSD,2026-08-03 16:03:35,2026-08-03 19:34:54,63805.59,64027.1,-22.15,"{'adverse_buy': np.float64(-214.63999999999942), 'adverse_sell': np.float64(233.42000000000553)}"
448903428,BTCUSD,2026-08-03 15:57:51,2026-08-03 22:18:15,63598.71,63544.79,0.54,"{'adverse_buy': np.float64(-274.6800000000003), 'adverse_sell': np.float64(440.3000000000029)}"
448823322,AUDUSD,2026-08-03 14:43:31,2026-08-03 16:32:35,0.69923,0.69972,2.45,"{'adverse_buy': np.float64(-1.0000000000065512e-05), 'adverse_sell': np.float64(0.0008299999999999974)}"
448823928,ETHUSD,2026-08-03 14:33:45,2026-08-03 14:37:58,1863.5900000000001,1863.3600000000001,-0.02,"{'adverse_buy': np.float64(-3.7200000000002547), 'adverse_sell': np.float64(4.939999999999827)}"
448823921,XAUUSD,2026-08-03 14:33:44,2026-08-03 14:36:45,4035.168,4035.534,0.36,"{'adverse_buy': np.float64(-3.3479999999999563), 'adverse_sell': np.float64(3.112999999999829)}"
448823922,XAGUSD,2026-08-03 14:33:44,2026-08-03 14:38:04,57.102000000000004,57.136,1.7,"{'adverse_buy': np.float64(-0.049000000000006594), 'adverse_sell': np.float64(0.1769999999999996)}"
448823925,BTCUSD,2026-08-03 14:33:44,2026-08-03 14:38:15,63719.15,63736.57,0.18,"{'adverse_buy': np.float64(-163.41999999999825), 'adverse_sell': np.float64(128.88999999999942)}"
448823915,BTCUSD,2026-08-03 14:33:43,2026-08-03 14:38:12,63717.98,63739.810000000005,0.22,"{'adverse_buy': np.float64(-162.25), 'adverse_sell': np.float64(130.05999999999767)}"
448823917,ETHUSD,2026-08-03 14:33:43,2026-08-03 14:37:55,1863.89,1864.05,0.02,"{'adverse_buy': np.float64(-4.020000000000209), 'adverse_sell': np.float64(4.639999999999873)}"
448823913,XAUUSD,2026-08-03 14:33:42,2026-08-03 14:36:49,4034.726,4035.481,0.75,"{'adverse_buy': np.float64(-2.905999999999949), 'adverse_sell': np.float64(3.5549999999998363)}"
448823914,XAGUSD,2026-08-03 14:33:42,2026-08-03 14:36:42,57.101000000000006,57.165,3.2,"{'adverse_buy': np.float64(-0.048000000000008924), 'adverse_sell': np.float64(0.17799999999999727)}"
448822358,AUDUSD,2026-08-03 14:31:50,2026-08-03 16:32:36,0.6993900000000001,0.6997,0.31,"{'adverse_buy': np.float64(-0.0001700000000001145), 'adverse_sell': np.float64(0.0006699999999999484)}"
448816520,US30,2026-08-03 14:24:40,2026-08-03 15:09:24,53191.600000000006,53048.0,7.18,"{'adverse_buy': np.float64(-147.60000000000582), 'adverse_sell': np.float64(27.09999999999127)}"
448801957,ETHUSD,2026-08-03 14:08:50,2026-08-03 14:19:21,1851.69,1855.45,0.38,"{'adverse_buy': np.float64(-2.759999999999991), 'adverse_sell': np.float64(6.789999999999964)}"
448801941,BTCUSD,2026-08-03 14:08:49,2026-08-03 14:19:24,63166.23,63307.51,1.42,"{'adverse_buy': np.float64(-80.9600000000064), 'adverse_sell': np.float64(264.8099999999977)}"
448801922,XAUUSD,2026-08-03 14:08:48,2026-08-03 14:19:15,4029.373,4032.6730000000002,3.3,"{'adverse_buy': np.float64(-2.813000000000102), 'adverse_sell': np.float64(6.5779999999999745)}"
448801937,XAGUSD,2026-08-03 14:08:48,2026-08-03 14:19:18,57.1,57.187000000000005,4.35,"{'adverse_buy': np.float64(-0.035000000000003695), 'adverse_sell': np.float64(0.1839999999999975)}"
448769678,US30,2026-08-03 13:36:12,2026-08-03 15:09:32,53169.600000000006,53053.0,5.83,"{'adverse_buy': np.float64(-125.60000000000582), 'adverse_sell': np.float64(111.09999999999127)}"
448764709,US30,2026-08-03 13:31:50,2026-08-03 15:41:15,53158.3,53110.9,2.37,"{'adverse_buy': np.float64(-131.20000000000437), 'adverse_sell': np.float64(122.39999999999418)}"
448762438,XAUUSD,2026-08-03 13:29:22,2026-08-03 13:42:02,4033.322,4032.113,1.21,"{'adverse_buy': np.float64(-14.277000000000044), 'adverse_sell': np.float64(2.3739999999997963)}"
448246207,BTCUSD,2026-08-02 13:05:17,2026-08-02 13:20:10,63056.58,63008.85,4.77,"{'adverse_buy': np.float64(-74.22000000000116), 'adverse_sell': np.float64(15.119999999995343)}"
447479817,US30,2026-07-31 02:54:10,2026-07-31 07:12:21,52436.3,52544.8,-5.43,"{'adverse_buy': np.float64(-23.900000000001455), 'adverse_sell': np.float64(140.09999999999854)}"
447479792,US30,2026-07-31 02:53:58,2026-07-31 10:35:08,52436.3,52595.7,-7.97,"{'adverse_buy': np.float64(-23.900000000001455), 'adverse_sell': np.float64(167.59999999999854)}"
445539530,XAUUSD,2026-07-28 20:00:30,2026-07-28 22:24:43,4024.987,4017.805,-35.91,"{'adverse_buy': np.float64(-7.492999999999938), 'adverse_sell': np.float64(5.598999999999705)}"
445538113,US30,2026-07-28 19:51:13,2026-07-29 02:47:25,52828.4,52782.6,2.29,"{'adverse_buy': np.float64(-131.09999999999854), 'adverse_sell': np.float64(72.90000000000146)}"
445424541,US30,2026-07-28 16:11:16,2026-07-29 02:47:25,52920.4,52782.6,6.89,"{'adverse_buy': np.float64(-223.09999999999854), 'adverse_sell': np.float64(48.900000000001455)}"
445385755,US30,2026-07-28 15:25:49,2026-07-28 15:26:10,52846.3,52861.1,-1.48,"{'adverse_buy': np.float64(-36.0), 'adverse_sell': np.float64(44.0)}"
445316033,US30,2026-07-28 14:24:11,2026-07-28 15:20:17,52711.4,52825.5,-5.71,"{'adverse_buy': np.float64(-130.0), 'adverse_sell': np.float64(178.90000000000146)}"
445280155,US30,2026-07-28 13:50:01,2026-07-28 15:20:02,52631.4,52805.9,-8.73,"{'adverse_buy': np.float64(-81.0), 'adverse_sell': np.float64(258.90000000000146)}"
445266393,US30,2026-07-28 13:35:23,2026-07-28 13:41:39,52658.4,52550.700000000004,5.39,"{'adverse_buy': np.float64(-180.09999999999854), 'adverse_sell': np.float64(4.0)}"
445263996,US30,2026-07-28 13:30:57,2026-07-28 14:15:35,52630.8,52706.6,-0.76,"{'adverse_buy': np.float64(-152.5), 'adverse_sell': np.float64(106.5)}"
445252399,XAUUSD,2026-07-28 13:20:45,2026-07-28 13:22:27,4033.607,4035.714,2.1,"{'adverse_buy': np.float64(-5.219000000000051), 'adverse_sell': np.float64(2.650000000000091)}"
442884842,AUDUSD,2026-07-23 14:30:01,2026-07-23 14:33:03,0.69765,0.69741,-0.24,"{'adverse_buy': np.float64(-0.00027999999999994696), 'adverse_sell': np.float64(0.00024999999999997247)}"
442878920,USOIL,2026-07-23 14:23:23,2026-07-23 14:33:03,90.34,90.856,-258.0,"{'adverse_buy': np.float64(-0.1490000000000009), 'adverse_sell': np.float64(0.5949999999999989)}"
442844537,USTEC,2026-07-23 13:48:31,2026-07-23 14:33:03,28660.9,28538.35,-1.23,"{'adverse_buy': np.float64(-158.3000000000029), 'adverse_sell': np.float64(68.68000000000029)}"
442844503,US500,2026-07-23 13:48:29,2026-07-23 14:33:03,7439.75,7420.44,-0.58,"{'adverse_buy': np.float64(-23.109999999999673), 'adverse_sell': np.float64(11.640000000000327)}"
442839821,AUDUSD,2026-07-23 13:44:01,2026-07-23 13:59:52,0.69815,0.69727,-0.88,"{'adverse_buy': np.float64(-0.0011200000000000099), 'adverse_sell': np.float64(6.999999999990347e-05)}"
442821469,USOIL,2026-07-23 13:22:05,2026-07-23 14:33:03,89.686,90.856,-11.7,"{'adverse_buy': np.float64(-0.05200000000000671), 'adverse_sell': np.float64(1.2489999999999952)}"
442752199,EURGBP,2026-07-23 12:20:09,2026-07-23 14:33:03,0.85314,0.85336,0.29,"{'adverse_buy': np.float64(-0.00031000000000003247), 'adverse_sell': np.float64(0.00034000000000000696)}"
442693361,USOIL,2026-07-23 11:00:00,2026-07-23 11:41:48,89.093,89.932,-8.39,"{'adverse_buy': np.float64(-0.03100000000000591), 'adverse_sell': np.float64(0.9829999999999899)}"
442688960,XAGUSD,2026-07-23 10:50:01,2026-07-23 11:40:56,58.82000000000001,58.289,-26.55,"{'adverse_buy': np.float64(-0.8500000000000085), 'adverse_sell': np.float64(0.027999999999991587)}"
442688964,XAUUSD,2026-07-23 10:50:01,2026-07-23 11:40:25,4093.268,4075.958,-17.31,"{'adverse_buy': np.float64(-20.47699999999986), 'adverse_sell': np.float64(2.230999999999767)}"
442647077,USTEC,2026-07-23 09:34:12,2026-07-23 11:22:45,28934.56,28889.07,-22.75,"{'adverse_buy': np.float64(-80.53000000000247), 'adverse_sell': np.float64(48.64999999999782)}"
442650778,USDCHF,2026-07-23 09:31:59,2026-07-23 11:06:21,0.81474,0.81535,-0.75,"{'adverse_buy': np.float64(-0.00021000000000004349), 'adverse_sell': np.float64(0.0006199999999999539)}"
442643524,DE30,2026-07-23 09:21:47,2026-07-23 11:41:48,25019.2,24941.100000000002,-88.92,"{'adverse_buy': np.float64(-85.70000000000073), 'adverse_sell': np.float64(32.89999999999782)}"
442643638,US500,2026-07-23 09:18:07,2026-07-23 09:34:25,7488.2,7481.18,-0.35,"{'adverse_buy': np.float64(-7.210000000000036), 'adverse_sell': np.float64(-0.42000000000007276)}"
442643051,US30,2026-07-23 09:15:57,2026-07-23 11:23:37,52105.0,52044.0,-61.0,"{'adverse_buy': np.float64(-70.19999999999709), 'adverse_sell': np.float64(58.900000000001455)}"
442609775,EURGBP,2026-07-23 08:16:04,2026-07-23 08:41:15,0.8540300000000001,0.85388,0.2,"{'adverse_buy': np.float64(-0.00044000000000010697), 'adverse_sell': np.float64(0.00012999999999996348)}"
442605928,US500,2026-07-23 08:10:18,2026-07-23 11:35:43,7482.7300000000005,7464.05,-0.56,"{'adverse_buy': np.float64(-21.770000000000437), 'adverse_sell': np.float64(13.86999999999989)}"
442605821,USTEC,2026-07-23 08:10:13,2026-07-23 09:34:12,28896.64,28934.14,0.38,"{'adverse_buy': np.float64(-17.659999999999854), 'adverse_sell': np.float64(101.5)}"
442605679,US30,2026-07-23 08:10:06,2026-07-23 11:29:01,52110.8,52039.9,-0.71,"{'adverse_buy': np.float64(-103.0), 'adverse_sell': np.float64(66.29999999999563)}"
442603271,DE30,2026-07-23 08:08:07,2026-07-23 11:41:48,25020.500000000004,24941.100000000002,-0.9,"{'adverse_buy': np.float64(-87.00000000000364), 'adverse_sell': np.float64(56.59999999999491)}"
442349453,USDCHF,2026-07-22 19:58:20,2026-07-22 23:24:17,0.81452,0.81439,0.16,"{'adverse_buy': np.float64(-0.00031999999999998696), 'adverse_sell': np.float64(0.00021999999999999797)}"
441979484,USOIL,2026-07-22 10:16:20,2026-07-22 10:41:51,86.997,86.686,3.11,"{'adverse_buy': np.float64(-0.6989999999999981), 'adverse_sell': np.float64(0.15399999999999636)}"
441871569,USDJPY,2026-07-22 07:30:20,2026-07-22 11:06:04,162.734,163.017,1.74,"{'adverse_buy': np.float64(-0.06499999999999773), 'adverse_sell': np.float64(0.3990000000000009)}"
441778189,USOIL,2026-07-22 02:23:40,2026-07-22 02:47:30,84.792,84.636,1.56,"{'adverse_buy': np.float64(-0.3440000000000083), 'adverse_sell': np.float64(0.03699999999999193)}"
441708254,USDJPY,2026-07-21 20:47:40,2026-07-22 00:05:54,163.204,163.174,0.18,"{'adverse_buy': np.float64(-0.09700000000000841), 'adverse_sell': np.float64(0.02400000000000091)}"
441691450,US500,2026-07-21 19:47:13,2026-07-22 00:57:57,7515.08,7512.46,0.08,"{'adverse_buy': np.float64(-8.319999999999709), 'adverse_sell': np.float64(3.9899999999997817)}"
441689349,USDCHF,2026-07-21 19:37:10,2026-07-22 00:08:19,0.8129500000000001,0.8128,0.18,"{'adverse_buy': np.float64(-0.00044000000000010697), 'adverse_sell': np.float64(7.999999999996898e-05)}"
441684987,EURUSD,2026-07-21 19:25:10,2026-07-21 20:59:58,1.1403500000000002,1.13963,-0.72,"{'adverse_buy': np.float64(-0.000720000000000276), 'adverse_sell': np.float64(6.999999999979245e-05)}"
441684988,USDCAD,2026-07-21 19:25:10,2026-07-22 00:37:22,1.41059,1.41037,0.16,"{'adverse_buy': np.float64(-0.00045999999999990493), 'adverse_sell': np.float64(0.0005500000000000504)}"
441679123,DE30,2026-07-21 19:11:10,2026-07-22 01:52:44,25054.100000000002,25111.9,-0.66,"{'adverse_buy': np.float64(-8.100000000002183), 'adverse_sell': np.float64(56.599999999998545)}"
441666915,USTEC,2026-07-21 18:39:10,2026-07-21 23:19:53,29186.64,29159.35,0.27,"{'adverse_buy': np.float64(-74.45000000000073), 'adverse_sell': np.float64(24.360000000000582)}"
441517652,USOIL,2026-07-21 14:27:40,2026-07-21 14:35:49,84.362,84.717,-3.55,"{'adverse_buy': np.float64(-0.31399999999999295), 'adverse_sell': np.float64(0.35900000000000887)}"
441509176,USDCAD,2026-07-21 14:17:10,2026-07-21 14:31:00,1.4083800000000002,1.4093,-0.65,"{'adverse_buy': np.float64(-0.0004700000000001925), 'adverse_sell': np.float64(0.0012099999999999334)}"
441487971,GBPJPY,2026-07-21 13:59:10,2026-07-21 14:34:37,217.91600000000003,218.026,0.67,"{'adverse_buy': np.float64(-0.013000000000033651), 'adverse_sell': np.float64(0.35499999999996135)}"
441485921,EURGBP,2026-07-21 13:55:12,2026-07-21 14:35:49,0.8525900000000001,0.85264,-0.07,"{'adverse_buy': np.float64(-0.00044000000000010697), 'adverse_sell': np.float64(0.00031999999999987594)}"
441458440,BTCUSD,2026-07-21 13:29:10,2026-07-21 14:02:20,66387.11,66812.05,-4.25,"{'adverse_buy': np.float64(-116.07000000000698), 'adverse_sell': np.float64(535.9400000000023)}"
441380140,BTCUSD,2026-07-21 11:30:06,2026-07-21 12:12:27,66202.55,66416.76,-21.42,"{'adverse_buy': np.float64(-12.070000000006985), 'adverse_sell': np.float64(220.00999999999476)}"
441367717,DE30,2026-07-21 10:57:10,2026-07-21 11:39:21,24943.2,24918.600000000002,0.29,"{'adverse_buy': np.float64(-70.70000000000073), 'adverse_sell': np.float64(13.899999999997817)}"
441364141,BTCUSD,2026-07-21 10:51:11,2026-07-21 12:39:23,66163.58,66586.04,-4.22,"{'adverse_buy': np.float64(-60.729999999995925), 'adverse_sell': np.float64(440.13000000000466)}"
441358142,AUDUSD,2026-07-21 10:41:10,2026-07-21 14:35:49,0.7022200000000001,0.70073,1.49,"{'adverse_buy': np.float64(-0.0019400000000000528), 'adverse_sell': np.float64(0.00015999999999993797)}"
441336837,USDJPY,2026-07-21 10:05:52,2026-07-21 11:10:48,162.68200000000002,162.727,-2.77,"{'adverse_buy': np.float64(-0.03500000000002501), 'adverse_sell': np.float64(0.055999999999983174)}"
441323691,USDJPY,2026-07-21 09:43:39,2026-07-21 12:20:45,162.661,162.752,-0.56,"{'adverse_buy': np.float64(-0.021000000000015007), 'adverse_sell': np.float64(0.13999999999998636)}"
441265150,ETHUSD,2026-07-21 08:14:44,2026-07-21 08:23:08,1936.39,1948.1,-5.85,"{'adverse_buy': np.float64(-6.320000000000164), 'adverse_sell': np.float64(16.049999999999955)}"
441253580,USTEC,2026-07-21 08:04:45,2026-07-21 13:27:59,28981.28,29055.0,-36.86,"{'adverse_buy': np.float64(-28.30999999999767), 'adverse_sell': np.float64(113.28000000000247)}"
441258736,ETHUSD,2026-07-21 07:45:10,2026-07-21 08:23:07,1932.71,1947.07,-1.44,"{'adverse_buy': np.float64(-2.6400000000001), 'adverse_sell': np.float64(19.730000000000018)}"
441253296,USTEC,2026-07-21 07:34:25,2026-07-21 14:35:49,28964.48,29081.03,-3.5,"{'adverse_buy': np.float64(-45.77000000000044), 'adverse_sell': np.float64(130.08000000000175)}"
441245588,USTEC,2026-07-21 07:21:10,2026-07-21 13:30:14,28957.73,29090.29,-1.33,"{'adverse_buy': np.float64(-21.659999999999854), 'adverse_sell': np.float64(136.83000000000175)}"
441199086,ETHUSD,2026-07-21 05:45:10,2026-07-21 06:36:08,1925.05,1938.52,-1.34,"{'adverse_buy': np.float64(-0.7599999999999909), 'adverse_sell': np.float64(13.769999999999982)}"
441187875,USTEC,2026-07-21 05:17:09,2026-07-21 05:43:17,28874.920000000002,28942.18,-0.67,"{'adverse_buy': np.float64(-10.010000000002037), 'adverse_sell': np.float64(66.57999999999811)}"
441090788,DE30,2026-07-21 00:20:40,2026-07-21 01:00:00,24708.2,24729.8,0.25,"{'adverse_buy': np.float64(-17.299999999999272), 'adverse_sell': np.float64(51.89999999999782)}"
441069730,US500,2026-07-20 23:06:37,2026-07-21 04:05:36,7448.96,7482.95,1.02,"{'adverse_buy': np.float64(-5.319999999999709), 'adverse_sell': np.float64(37.5)}"
441042264,USDCHF,2026-07-20 21:31:44,2026-07-21 03:03:45,0.8100400000000001,0.81074,-8.63,"{'adverse_buy': np.float64(-0.00021000000000004349), 'adverse_sell': np.float64(0.0006899999999998574)}"
441023404,US30,2026-07-20 19:56:38,2026-07-21 01:39:09,51897.3,51931.6,0.34,"{'adverse_buy': np.float64(-32.5), 'adverse_sell': np.float64(72.59999999999854)}"
440991053,USDCHF,2026-07-20 18:56:30,2026-07-21 07:11:39,0.81016,0.8096800000000001,5.93,"{'adverse_buy': np.float64(-0.0010299999999999754), 'adverse_sell': np.float64(0.0006300000000000194)}"
440990794,US30,2026-07-20 18:48:33,2026-07-21 04:05:33,51888.4,52042.100000000006,15.37,"{'adverse_buy': np.float64(-69.40000000000146), 'adverse_sell': np.float64(172.6999999999971)}"
440930774,GBPJPY,2026-07-20 17:16:43,2026-07-20 21:21:02,218.10700000000003,218.192,0.52,"{'adverse_buy': np.float64(-0.04300000000003479), 'adverse_sell': np.float64(0.2559999999999718)}"
440919698,US30,2026-07-20 17:05:04,2026-07-20 18:45:02,52003.5,51858.5,-72.5,"{'adverse_buy': np.float64(-153.59999999999854), 'adverse_sell': np.float64(60.599999999998545)}"
440918368,USDCHF,2026-07-20 16:57:20,2026-07-21 00:02:10,0.81018,0.81004,0.17,"{'adverse_buy': np.float64(-0.00046999999999997044), 'adverse_sell': np.float64(0.00022999999999995246)}"
440917135,US30,2026-07-20 16:54:47,2026-07-20 18:45:37,52026.8,51853.6,-1.73,"{'adverse_buy': np.float64(-176.90000000000146), 'adverse_sell': np.float64(75.09999999999854)}"
440889966,USDJPY,2026-07-20 16:26:59,2026-07-20 20:41:42,162.561,162.538,1.56,"{'adverse_buy': np.float64(-0.13900000000001), 'adverse_sell': np.float64(0.014999999999986358)}"
440885884,USDJPY,2026-07-20 16:06:45,2026-07-20 18:45:16,162.538,162.503,0.22,"{'adverse_buy': np.float64(-0.11600000000001387), 'adverse_sell': np.float64(0.03799999999998249)}"
440789064,USTEC,2026-07-20 14:01:55,2026-07-20 15:21:45,28820.13,28846.66,-2.92,"{'adverse_buy': np.float64(-101.25), 'adverse_sell': np.float64(69.62999999999738)}"
440788728,USTEC,2026-07-20 14:01:37,2026-07-20 14:01:47,28809.01,28806.2,-0.31,"{'adverse_buy': np.float64(-6.759999999998399), 'adverse_sell': np.float64(79.07000000000335)}"
440784075,USTEC,2026-07-20 13:58:35,2026-07-20 15:03:03,28839.420000000002,28796.74,0.43,"{'adverse_buy': np.float64(-120.54000000000087), 'adverse_sell': np.float64(66.89999999999782)}"
440763766,EURGBP,2026-07-20 13:36:40,2026-07-20 15:05:08,0.84862,0.84977,77.2,"{'adverse_buy': np.float64(-0.000300000000000078), 'adverse_sell': np.float64(0.0014999999999999458)}"
440714455,US500,2026-07-20 13:11:25,2026-07-20 13:32:12,7499.73,7513.13,-1.34,"{'adverse_buy': np.float64(-4.5), 'adverse_sell': np.float64(20.63000000000011)}"
440715221,USTEC,2026-07-20 13:00:04,2026-07-20 13:32:12,28889.84,28937.93,-4.8100000000000005,"{'adverse_buy': np.float64(-33.54000000000087), 'adverse_sell': np.float64(118.22000000000116)}"
440699876,USTEC,2026-07-20 12:14:35,2026-07-20 13:32:12,28841.0,28939.45,-0.98,"{'adverse_buy': np.float64(-10.720000000001164), 'adverse_sell': np.float64(167.0600000000013)}"
