timestamp,symbol,action,price,sl,tp,quantity,comment
2026-07-28T16:30:56.988707,US30,SELL,52629.8,52738.84285714286,52049.908571428576,0.01,ALPHAEDGE_TRADE
2026-08-11T13:22:34.308822,XAGUSD,BUY,64.938,64.70374,65.5528,0.01,ALPHAEDGE_TRADE
2026-08-11T13:22:35.008606,NZDUSD,BUY,0.58748,0.5870648,0.588436,0.01,ALPHAEDGE_TRADE
2026-08-11T13:22:35.801325,USDCHF,SELL,0.8108,0.811298,0.809644,0.01,ALPHAEDGE_TRADE
2026-08-11T13:22:36.498510,USDJPY,SELL,159.322,159.3508,158.9648,0.01,ALPHAEDGE_TRADE
2026-08-11T13:22:37.198113,GBPUSD,BUY,1.3498,1.3495292,1.351096,0.01,ALPHAEDGE_TRADE
2026-08-11T13:23:59.973592,EURUSD,BUY,1.15349,1.1531889999999998,1.15459,0.01,ALPHAEDGE_TRADE
2026-08-11T13:24:00.718393,GBPUSD,BUY,1.34999,1.3495292,1.35121,0.01,ALPHAEDGE_TRADE
2026-08-11T14:05:40.402142,GBPJPY,BUY,214.814,214.76414000000003,215.0573,0.01,ALPHAEDGE_TRADE
2026-08-11T14:07:39.540422,AUDUSD,SELL,0.70652,0.7070738000000001,0.705479,0.01,ALPHAEDGE_TRADE
2026-08-11T14:09:39.131551,EURUSD,BUY,1.15393,1.1532934,1.154646,0.01,ALPHAEDGE_TRADE
2026-08-11T14:13:38.927403,GBPJPY,BUY,214.776,214.7213,215.05540000000002,0.01,ALPHAEDGE_TRADE
2026-08-11T14:17:39.694988,XAUUSD,BUY,4389.08,4376.9358,4407.528,0.01,ALPHAEDGE_TRADE
2026-08-11T14:49:02.708170,Boom 1000 Index,SELL,14940.941,14960.62008,14858.8034,0.2,ALPHAEDGE_TRADE
2026-08-11T15:12:55.064482,ETHUSD,SELL,1893.115,1898.1428,1879.5685,0.1,ALPHAEDGE_TRADE
2026-08-11T15:39:38.883248,GBPJPY,BUY,214.975,214.93178,215.083,0.01,ALPHAEDGE_TRADE
2026-08-11T16:03:39.588637,BTCUSD,SELL,64274.418,64336.419980000006,64079.386,0.01,ALPHAEDGE_TRADE
2026-08-11T16:09:11.060042,BTCUSD,SELL,64340.771,64377.46716,64119.1978,0.01,ALPHAEDGE_TRADE
2026-08-11T16:09:11.784478,ETHUSD,SELL,1890.165,1892.0552,1880.3584999999998,0.1,ALPHAEDGE_TRADE
2026-08-11T16:15:04.011470,Crash 150 Index,BUY,9716.1957,9713.024688,9730.37978,0.5,ALPHAEDGE_TRADE
2026-08-11T16:31:06.682448,Crash 500 Index,BUY,3083.184,3079.99412,3129.2084,0.2,ALPHAEDGE_TRADE
2026-08-11T16:31:39.808453,NZDUSD,SELL,0.58844,0.588823,0.58778,0.01,ALPHAEDGE_TRADE
2026-08-11T16:43:05.023798,BTCUSD,SELL,64193.066,64252.534,64030.5748,0.01,ALPHAEDGE_TRADE
2026-08-11T16:45:41.139457,ETHUSD,SELL,1889.015,1893.4744,1879.967,0.1,ALPHAEDGE_TRADE
2026-08-11T16:47:06.068046,Boom 1000 Index,SELL,15057.202,15083.413100000002,14926.423799999999,0.2,ALPHAEDGE_TRADE
2026-08-11T16:53:06.411123,Boom 150 Index,SELL,9646.5413,9649.433058,9639.57978,0.5,ALPHAEDGE_TRADE
2026-08-11T17:03:40.564209,NZDUSD,SELL,0.58827,0.5886774,0.587678,0.01,ALPHAEDGE_TRADE
2026-08-11T17:23:09.061958,Crash 1000 Index,BUY,5551.849,5545.11828,5609.2294,0.2,ALPHAEDGE_TRADE
2026-08-11T17:25:08.146388,Boom 150 Index,SELL,9647.9805,9654.33783,9640.4433,0.5,ALPHAEDGE_TRADE
2026-08-11T17:39:09.826446,Crash 500 Index,BUY,3092.856,3086.60768,3135.0116000000003,0.2,ALPHAEDGE_TRADE
2026-08-11T18:23:07.679486,BTCUSD,BUY,63803.407,63631.28478,64224.2786,0.01,ALPHAEDGE_TRADE
2026-08-11T18:37:08.037350,ETHUSD,BUY,1861.875,1859.1966,1880.1240000000003,0.1,ALPHAEDGE_TRADE
2026-08-11T18:37:38.730683,AUDUSD,SELL,0.70581,0.7061702000000001,0.705066,0.01,ALPHAEDGE_TRADE
2026-08-11T19:01:08.828173,ETHUSD,BUY,1861.805,1857.3642,1879.6364999999998,0.1,ALPHAEDGE_TRADE
2026-08-11T19:03:38.781753,GBPUSD,SELL,1.3511199999999999,1.3517676,1.350228,0.01,ALPHAEDGE_TRADE
2026-08-11T19:11:09.247583,XPTUSD,BUY,1742.25,1736.5066,1755.882,0.01,ALPHAEDGE_TRADE
2026-08-11T19:13:09.699972,Crash 1000 Index,BUY,5546.61,5541.3043,5606.086,0.2,ALPHAEDGE_TRADE
2026-08-11T19:45:10.348853,Crash 150 Index,BUY,9710.7428,9704.981418000001,9724.5422,0.5,ALPHAEDGE_TRADE
2026-08-11T20:09:11.849368,Boom 150 Index,SELL,9653.2689,9655.515098,9643.61634,0.5,ALPHAEDGE_TRADE
2026-08-11T20:15:11.905635,Boom 150 Index,SELL,9657.9558,9659.590304000001,9645.357469999999,0.5,ALPHAEDGE_TRADE
2026-08-11T20:17:13.026957,XPTUSD,BUY,1738.2,1733.7505999999998,1753.452,0.01,ALPHAEDGE_TRADE
2026-08-11T20:27:39.585807,USDCAD,BUY,1.39215,1.3913084,1.39317,0.01,ALPHAEDGE_TRADE
2026-08-11T23:05:09.326563,EURJPY,SELL,183.866,183.89932000000002,183.74,0.01,ALPHAEDGE_TRADE
2026-08-11T23:05:10.044947,XAUUSD,BUY,4369.67,4365.4222,4395.882,0.01,ALPHAEDGE_TRADE
2026-08-11T23:05:10.757128,USDJPY,SELL,159.286,159.32168000000001,159.1416,0.01,ALPHAEDGE_TRADE
2026-08-11T23:05:11.480870,USDCAD,BUY,1.3924400000000001,1.3921486,1.3933,0.01,ALPHAEDGE_TRADE
2026-08-11T23:05:12.834546,GBPJPY,SELL,215.172,215.22574,215.0064,0.01,ALPHAEDGE_TRADE
2026-08-11T23:05:13.579769,BTCUSD,BUY,63624.9,63448.75686,63961.9744,0.01,ALPHAEDGE_TRADE
2026-08-11T23:10:07.578524,XAUUSD,BUY,4370.15,4365.4222,4396.17,0.01,ALPHAEDGE_TRADE
2026-08-11T23:10:08.378831,GBPJPY,SELL,215.167,215.22574,215.0034,0.01,ALPHAEDGE_TRADE
2026-08-11T23:10:09.190021,BTCUSD,BUY,63664.307,63447.83574,63985.6186,0.01,ALPHAEDGE_TRADE
2026-08-11T23:10:09.917301,USDJPY,SELL,159.284,159.32172,159.1404,0.01,ALPHAEDGE_TRADE
2026-08-11T23:15:06.263742,EURJPY,SELL,183.856,183.89956,183.73399999999998,0.01,ALPHAEDGE_TRADE
2026-08-11T23:15:06.981371,USDCAD,BUY,1.3925,1.3921474,1.3933360000000001,0.01,ALPHAEDGE_TRADE
2026-08-11T23:15:07.716625,GBPJPY,SELL,215.146,215.22634000000002,214.9908,0.01,ALPHAEDGE_TRADE
2026-08-11T23:15:08.498100,USDJPY,SELL,159.287,159.3219,159.1422,0.01,ALPHAEDGE_TRADE
2026-08-11T23:15:09.193155,XAUUSD,BUY,4370.19,4365.4222,4396.1939999999995,0.01,ALPHAEDGE_TRADE
2026-08-11T23:15:09.889244,BTCUSD,BUY,63637.39,63447.83574,63969.4684,0.01,ALPHAEDGE_TRADE
2026-08-11T23:18:45.279279,GBPJPY,SELL,215.135,215.22634000000002,214.9842,0.01,ALPHAEDGE_TRADE
2026-08-11T23:18:46.076419,EURJPY,SELL,183.849,183.89956,183.72979999999998,0.01,ALPHAEDGE_TRADE
2026-08-11T23:18:46.799691,XAUUSD,BUY,4367.91,4364.6368,4394.826,0.01,ALPHAEDGE_TRADE
2026-08-11T23:18:47.555817,USDJPY,SELL,159.284,159.3219,159.1404,0.01,ALPHAEDGE_TRADE
2026-08-11T23:18:48.288645,USDCAD,BUY,1.39255,1.3921474,1.3933659999999999,0.01,ALPHAEDGE_TRADE
2026-08-11T23:18:49.000835,BTCUSD,BUY,63617.222,63447.83574,63957.367600000005,0.01,ALPHAEDGE_TRADE
2026-08-11T23:18:49.706557,US Oil,SELL,82.292,82.5292,81.5368,1.0,ALPHAEDGE_TRADE
2026-08-11T23:23:45.024734,EURJPY,SELL,183.847,183.89956,183.7286,0.01,ALPHAEDGE_TRADE
2026-08-11T23:23:45.856758,USDCAD,BUY,1.39246,1.3921474,1.393312,0.01,ALPHAEDGE_TRADE
2026-08-11T23:23:47.417143,XAUUSD,BUY,4368.73,4364.5960000000005,4395.317999999999,0.01,ALPHAEDGE_TRADE
2026-08-11T23:23:48.111112,GBPJPY,SELL,215.138,215.22634000000002,214.98600000000002,0.01,ALPHAEDGE_TRADE
2026-08-11T23:23:48.798426,USDJPY,SELL,159.285,159.3219,159.141,0.01,ALPHAEDGE_TRADE
2026-08-11T23:23:50.498611,BTCUSD,BUY,63611.588,63447.83574,63953.9872,0.01,ALPHAEDGE_TRADE
2026-08-11T23:23:51.202824,US Oil,SELL,82.344,82.5292,81.568,1.0,ALPHAEDGE_TRADE
2026-08-11T23:28:52.234656,EURJPY,SELL,183.836,183.89972,183.722,0.01,ALPHAEDGE_TRADE
2026-08-11T23:28:52.938049,USDJPY,SELL,159.282,159.3219,159.13920000000002,0.01,ALPHAEDGE_TRADE
2026-08-11T23:28:53.661458,XAUUSD,BUY,4369.72,4364.5960000000005,4395.912,0.01,ALPHAEDGE_TRADE
2026-08-11T23:28:54.444341,USDCAD,BUY,1.39252,1.3921474,1.393348,0.01,ALPHAEDGE_TRADE
2026-08-11T23:28:55.377693,GBPJPY,SELL,215.11,215.22674,214.9692,0.01,ALPHAEDGE_TRADE
2026-08-11T23:28:56.105597,BTCUSD,BUY,63632.145,63447.83574,63966.3214,0.01,ALPHAEDGE_TRADE
2026-08-11T23:28:56.870509,US Oil,SELL,82.262,82.5292,81.5188,1.0,ALPHAEDGE_TRADE
2026-08-11T23:33:45.934315,XAUUSD,BUY,4369.67,4366.8514000000005,4395.882,0.01,ALPHAEDGE_TRADE
2026-08-11T23:33:46.626107,BTCUSD,BUY,63665.657,63593.84192,63986.4286,0.01,ALPHAEDGE_TRADE
2026-08-11T23:36:17.345041,XAUUSD,BUY,4369.27,4366.1374,4395.642,0.01,ALPHAEDGE_TRADE
2026-08-11T23:36:18.055982,BTCUSD,BUY,63641.894,63584.69354,63972.1708,0.01,ALPHAEDGE_TRADE
2026-08-11T23:36:18.799238,US Oil,SELL,82.293,82.44691999999999,81.5374,1.0,ALPHAEDGE_TRADE
2026-08-11T23:41:18.040085,GBPJPY,SELL,215.203,215.24126,215.025,0.01,ALPHAEDGE_TRADE
2026-08-11T23:41:18.753164,USDCAD,BUY,1.39259,1.3923356,1.39339,0.01,ALPHAEDGE_TRADE
2026-08-11T23:41:19.467921,XAUUSD,BUY,4368.51,4365.8008,4395.186,0.01,ALPHAEDGE_TRADE
2026-08-11T23:41:20.197323,BTCUSD,BUY,63688.789,63583.06052,64000.3078,0.01,ALPHAEDGE_TRADE
2026-08-11T23:44:05.014035,XAUUSD,BUY,4367.43,4364.678800000001,4394.5380000000005,0.01,ALPHAEDGE_TRADE
2026-08-11T23:44:05.720116,US Oil,SELL,82.333,82.48873999999999,81.56139999999999,1.0,ALPHAEDGE_TRADE
2026-08-11T23:44:06.414490,BTCUSD,BUY,63643.475,63567.26786,63973.1194,0.01,ALPHAEDGE_TRADE
2026-08-11T23:44:07.225978,ETHUSD,BUY,1878.835,1876.2248599999998,1886.019,0.1,ALPHAEDGE_TRADE
2026-08-11T23:49:05.910410,GBPJPY,SELL,215.204,215.24126,215.0256,0.01,ALPHAEDGE_TRADE
2026-08-11T23:49:06.627094,USDJPY,SELL,159.331,159.3799,159.1686,0.01,ALPHAEDGE_TRADE
2026-08-11T23:49:07.360959,XAUUSD,BUY,4367.61,4364.4748,4394.646,0.01,ALPHAEDGE_TRADE
2026-08-11T23:49:08.069687,BTCUSD,BUY,63696.219,63567.26786,64004.7658,0.01,ALPHAEDGE_TRADE
2026-08-11T23:54:05.859341,USDCAD,BUY,1.39254,1.3921812,1.39336,0.01,ALPHAEDGE_TRADE
2026-08-11T23:54:06.614277,USDJPY,SELL,159.322,159.3799,159.16320000000002,0.01,ALPHAEDGE_TRADE
2026-08-11T23:54:07.323721,GBPJPY,SELL,215.188,215.24126,215.016,0.01,ALPHAEDGE_TRADE
2026-08-11T23:54:09.053587,XAUUSD,BUY,4367.66,4364.291200000001,4394.6759999999995,0.01,ALPHAEDGE_TRADE
2026-08-11T23:54:09.845351,BTCUSD,BUY,63684.671,63567.26786,63997.837,0.01,ALPHAEDGE_TRADE
2026-08-11T23:54:10.594840,US Oil,SELL,82.238,82.4993,81.5044,1.0,ALPHAEDGE_TRADE
2026-08-11T23:59:06.875225,US Oil,SELL,82.14,82.5021,81.4456,1.0,ALPHAEDGE_TRADE
2026-08-11T23:59:07.576469,BTCUSD,BUY,63709.352,63567.26786,64012.6456,0.01,ALPHAEDGE_TRADE
2026-08-12T01:49:32.251734,XAUUSD,BUY,4374.99,4372.2796,4399.074,0.01,ALPHAEDGE_TRADE
2026-08-12T01:49:32.949701,ETHUSD,SELL,1879.005,1885.43094,1868.277,0.1,ALPHAEDGE_TRADE
2026-08-12T01:49:33.633233,US Oil,SELL,82.344,82.50012000000001,81.568,1.0,ALPHAEDGE_TRADE
2026-08-12T01:54:32.224081,XAUUSD,BUY,4374.72,4368.3628,4398.912,0.01,ALPHAEDGE_TRADE
2026-08-12T01:54:32.903307,ETHUSD,SELL,1881.205,1885.43094,1869.597,0.1,ALPHAEDGE_TRADE
2026-08-12T01:54:33.578283,US Oil,SELL,82.335,82.50012000000001,81.56259999999999,1.0,ALPHAEDGE_TRADE
2026-08-12T01:59:32.394707,ETHUSD,SELL,1881.345,1885.43094,1869.681,0.1,ALPHAEDGE_TRADE
2026-08-12T01:59:33.084012,XAUUSD,BUY,4369.08,4364.4562,4395.528,0.01,ALPHAEDGE_TRADE
2026-08-12T02:04:32.274708,ETHUSD,SELL,1879.115,1882.97034,1868.343,0.1,ALPHAEDGE_TRADE
2026-08-12T02:04:32.974947,US Oil,SELL,82.373,82.51992,81.5854,1.0,ALPHAEDGE_TRADE
2026-08-12T02:04:33.663236,XAUUSD,BUY,4364.71,4362.1336,4392.906,0.01,ALPHAEDGE_TRADE
2026-08-12T02:11:25.122924,XAUUSD,BUY,4365.23,4359.9588,4393.218,0.01,ALPHAEDGE_TRADE
2026-08-12T02:11:25.828166,ETHUSD,SELL,1878.895,1882.98714,1868.211,0.1,ALPHAEDGE_TRADE
2026-08-12T02:11:26.532346,US Oil,SELL,82.391,82.51992,81.5962,1.0,ALPHAEDGE_TRADE
2026-08-12T02:16:25.638338,XAUUSD,BUY,4367.37,4359.9584,4394.5019999999995,0.01,ALPHAEDGE_TRADE
2026-08-12T02:16:26.442150,US Oil,SELL,82.348,82.51992,81.57039999999999,1.0,ALPHAEDGE_TRADE
2026-08-12T02:16:27.183119,ETHUSD,SELL,1878.545,1882.98714,1868.001,0.1,ALPHAEDGE_TRADE
2026-08-12T02:25:48.189102,XAUUSD,BUY,4370.36,4359.8622000000005,4396.295999999999,0.01,ALPHAEDGE_TRADE
2026-08-12T02:25:48.874662,US Oil,SELL,82.363,82.51992,81.57939999999999,1.0,ALPHAEDGE_TRADE
2026-08-12T02:25:49.563211,ETHUSD,SELL,1879.335,1882.99114,1868.475,0.1,ALPHAEDGE_TRADE
2026-08-12T12:59:49.547923,AUDUSD,SELL,0.70639,0.7068738000000001,0.705858,0.01,ALPHAEDGE_TRADE
2026-08-12T12:59:50.351436,GBPJPY,BUY,215.054,214.89714,215.24764999999996,0.01,ALPHAEDGE_TRADE
2026-08-12T12:59:51.146498,EURJPY,BUY,183.6,183.49496,183.8478,0.01,ALPHAEDGE_TRADE
2026-08-12T12:59:52.309687,ETHUSD,SELL,1904.445,1910.10142,1883.541,0.1,ALPHAEDGE_TRADE
2026-08-12T12:59:53.085984,USDJPY,BUY,159.154,158.97593999999998,159.35015,0.01,ALPHAEDGE_TRADE
2026-08-12T12:59:53.825962,USDCAD,SELL,1.39362,1.3938998,1.392776,0.01,ALPHAEDGE_TRADE
2026-08-12T12:59:54.536670,USDCHF,SELL,0.81252,0.8128044000000001,0.811432,0.01,ALPHAEDGE_TRADE
2026-08-12T12:59:55.289316,BTCUSD,SELL,64075.084,64110.50712,63729.2104,0.01,ALPHAEDGE_TRADE
2026-08-12T12:59:56.038815,US Oil,BUY,81.862,81.26364,82.5841,1.0,ALPHAEDGE_TRADE
2026-08-12T13:04:52.902463,EURJPY,BUY,183.671,183.5634,183.8398,0.01,ALPHAEDGE_TRADE
2026-08-12T13:04:53.681910,USDCAD,SELL,1.39344,1.3937302,1.392668,0.01,ALPHAEDGE_TRADE
2026-08-12T13:04:54.474033,BTCUSD,SELL,64110.741,64223.100360000004,63750.6046,0.01,ALPHAEDGE_TRADE
2026-08-12T13:04:55.215452,NZDUSD,BUY,0.58584,0.5854202000000001,0.587004,0.01,ALPHAEDGE_TRADE
2026-08-12T13:04:55.943506,ETHUSD,SELL,1909.715,1916.0874800000001,1886.703,0.1,ALPHAEDGE_TRADE
2026-08-12T13:04:56.777857,US Oil,BUY,81.986,81.77858,82.6212,1.0,ALPHAEDGE_TRADE
2026-08-12T13:04:57.500480,USDJPY,BUY,159.2,159.12098,159.34805,0.01,ALPHAEDGE_TRADE
2026-08-12T19:23:19.818913,USOILm,SELL,82.185,82.50992857142857,81.53514285714286,0.15,ALPHAEDGE_TRADE
2026-08-13T08:07:24.603718,ETHUSDm,SELL,1894.37,1897.9782142857143,1887.153571428571,13.93,ALPHAEDGE_TRADE
2026-08-13T14:28:05.455632,BTCUSDm,BUY,63389.12,63243.956071428576,63720.938,0.35,LIQUIDITY_SWEEP
2026-08-13T15:18:36.669009,EURUSDm,BUY,1.15305,1.1526817857142857,1.1537864285714283,1.37,CORE_SYSTEM
2026-08-13T15:33:35.621493,EURUSDm,BUY,1.15272,1.1521764285714287,1.1538071428571426,0.92,CORE_SYSTEM
2026-08-13T16:37:23.246896,EURUSDm,BUY,1.15305,1.151087857142857,1.1569742857142855,0.26,CORE_SYSTEM
2026-08-13T16:42:24.079905,XAUUSDm,SELL,4377.209,4393.321028571429,4344.984942857141,0.03,BREAKOUT
2026-08-13T18:17:26.818774,USOILm,SELL,81.401,81.8340357142857,80.1854,0.12,LIQUIDITY_SWEEP
2026-08-13T18:17:27.362251,US30m,BUY,53776.4,53609.15,54110.9,0.31,CORE_SYSTEM
2026-08-13T19:11:14.128346,XAUUSDm,BUY,4359.443,4313.642285714286,4451.044428571428,0.01,CORE_SYSTEM
2026-08-13T19:56:14.970032,AUDJPYm,SELL,112.586,112.76635714285715,112.2252857142857,0.45,CORE_SYSTEM
2026-08-13T21:41:20.261154,US30m,SELL,53842.5,53895.607142857145,53729.64,0.96,LIQUIDITY_SWEEP
2026-08-13T23:51:21.943907,US30m,SELL,53902.5,53944.41071428572,53808.24,1.19,LIQUIDITY_SWEEP
2026-08-14T10:00:34.274743,EURUSDm,BUY,1.15261,1.1514935714285714,1.1548428571428568,0.48,CORE_SYSTEM
2026-08-14T10:00:34.859081,GBPUSDm,BUY,1.34856,1.3470678571428572,1.3515442857142856,0.36,CORE_SYSTEM
2026-08-14T10:50:57.952979,XAGUSDm,SELL,64.623,64.90360714285714,63.951,0.04,LIQUIDITY_SWEEP
2026-08-14T10:51:04.122592,XAUUSDm,BUY,4343.103,4324.801078571429,4379.706842857143,0.03,BREAKOUT
2026-08-14T11:00:57.998219,XAUUSDm,SELL,4347.073,4357.264857142857,4325.3602,0.06,LIQUIDITY_SWEEP
2026-08-14T14:56:19.983699,XAUUSDm,BUY,4367.049,4346.648478571428,4407.850042857143,0.03,BREAKOUT
2026-08-14T17:46:23.556593,EURGBPm,SELL,0.85461,0.8554899999999999,0.8528500000000002,0.49,CORE_SYSTEM
2026-08-14T21:49:05.573033,XAGUSDm,BUY,64.758,64.40542857142857,65.46314285714284,0.03,CORE_SYSTEM
2026-08-14T21:49:06.228654,XAUUSDm,SELL,4374.802,4381.084814285715,4362.236371428569,0.09,BREAKOUT
2026-08-14T22:29:05.156763,USTECm,SELL,30018.86,30064.775,29927.03,1.29,CORE_SYSTEM
2026-08-14T23:04:07.261450,USTECm,SELL,30066.36,30116.91785714286,29965.24428571428,1.17,CORE_SYSTEM
2026-08-14T23:35:37.916227,USTECm,SELL,30061.11,30109.50142857143,29964.32714285714,1.21,CORE_SYSTEM
2026-08-17T04:15:42.542409,BTCUSDm,SELL,62973.9,63605.877499999995,61709.945000000014,0.12,CORE_SYSTEM
2026-08-17T04:15:43.341688,ETHUSDm,SELL,1887.12,1912.75,1835.8599999999997,2.93,CORE_SYSTEM
2026-08-17T11:15:57.197191,EURGBPm,SELL,0.85562,0.8558927857142857,0.8549380357142858,2.02,CORE_SYSTEM
2026-08-17T15:35:45.854775,UK100z,BUY,10743.7,10728.71214285714,10781.16964285715,2.46,CORE_SYSTEM
2026-08-17T16:15:24.109230,USDCHFz,BUY,0.80944,0.8085935714285715,0.8115560714285714,0.48,CORE_SYSTEM
2026-08-17T16:40:26.711132,US30z,BUY,53603.0,53498.107142857145,53865.23214285714,0.48,CORE_SYSTEM
2026-08-17T16:45:27.284625,AUDJPYz,SELL,113.303,113.43592857142858,112.97067857142855,0.6,CORE_SYSTEM
2026-08-17T16:45:27.842481,USTECz,BUY,30141.4,30065.92642857143,30330.08392857143,0.66,LIQUIDITY_SWEEP
2026-08-17T20:30:16.393794,BTCUSDz,SELL,64163.2,64551.107142857145,63193.43214285713,0.13,LIQUIDITY_SWEEP
2026-08-17T21:17:28.079236,BTCUSDz,SELL,64363.39,64677.518571428576,63578.06857142856,0.16,CORE_SYSTEM
2026-08-17T21:17:28.640223,AUDJPYz,SELL,113.332,113.39028571428571,113.1862857142857,1.37,CORE_SYSTEM
2026-08-17T21:17:29.178592,USOILz,SELL,83.863,84.599,82.023,0.07,CORE_SYSTEM
2026-08-17T21:17:29.742897,GBPJPYz,SELL,216.049,216.1852857142857,215.70828571428578,0.59,CORE_SYSTEM
2026-08-17T21:17:30.320445,USDCHFz,BUY,0.8113,0.8103714285714286,0.8136214285714285,0.44,CORE_SYSTEM
2026-08-17T21:17:30.927739,EURJPYz,SELL,184.675,184.77285714285716,184.43035714285713,0.82,CORE_SYSTEM
2026-08-17T21:17:31.520659,USDCADz,BUY,1.38699,1.3860242857142857,1.3894042857142854,0.72,CORE_SYSTEM
2026-08-17T21:17:32.061579,US30z,BUY,53508.6,53406.5,53763.84999999999,0.49,CORE_SYSTEM
2026-08-17T21:17:32.601049,XAUUSDz,SELL,4414.601,4422.144714285714,4395.741714285714,0.07,CORE_SYSTEM
2026-08-17T21:17:33.200368,USDJPYz,SELL,159.509,159.62857142857143,159.21007142857138,0.67,CORE_SYSTEM
2026-08-17T21:41:06.725962,AUDJPYz,SELL,113.315,113.42128571428572,113.0492857142857,0.75,CORE_SYSTEM
2026-08-17T21:41:07.275266,EURJPYz,SELL,184.645,184.8114285714286,184.22892857142855,0.48,CORE_SYSTEM
2026-08-17T21:41:07.827488,USDCHFz,BUY,0.81156,0.8103142857142857,0.8146742857142857,0.33,CORE_SYSTEM
2026-08-17T21:41:08.403111,GBPJPYz,SELL,216.014,216.215,215.5115,0.4,CORE_SYSTEM
2026-08-17T21:41:08.964330,USOILz,SELL,83.44,84.14371428571428,81.68071428571429,0.07,CORE_SYSTEM
2026-08-17T21:41:09.529854,XAUUSDz,SELL,4403.318,4411.735000000001,4382.2755,0.06,CORE_SYSTEM
2026-08-17T21:41:10.125257,US30z,BUY,53505.0,53425.52857142857,53703.67857142857,0.63,CORE_SYSTEM
2026-08-17T21:43:08.027599,USOILz,SELL,83.384,84.149,81.47149999999999,0.07,CORE_SYSTEM
2026-08-17T21:43:08.640829,EURJPYz,SELL,184.638,184.81214285714287,184.20264285714285,0.46,CORE_SYSTEM
2026-08-17T21:43:09.430454,AUDJPYz,SELL,113.311,113.42242857142857,113.0324285714286,0.72,CORE_SYSTEM
2026-08-17T21:43:10.089087,USDCHFz,BUY,0.8116,0.8103142857142857,0.8148142857142858,0.32,CORE_SYSTEM
2026-08-17T21:43:10.694487,XAUUSDz,SELL,4404.101,4411.812428571429,4384.822428571426,0.06,CORE_SYSTEM
2026-08-17T21:43:11.421371,GBPJPYz,SELL,216.003,216.21542857142856,215.47192857142855,0.38,CORE_SYSTEM
2026-08-17T21:52:24.390573,USOILz,SELL,83.505,83.95442857142856,82.38142857142857,0.11,CORE_SYSTEM
2026-08-17T21:52:24.958744,GBPJPYz,SELL,216.042,216.196,215.657,0.52,CORE_SYSTEM
2026-08-17T21:52:25.527401,USDJPYz,SELL,159.569,159.6984285714286,159.24542857142848,0.62,CORE_SYSTEM
2026-08-17T21:52:26.078397,EURJPYz,SELL,184.685,184.80057142857146,184.39607142857136,0.69,CORE_SYSTEM
2026-08-17T21:52:26.872103,BTCUSDz,SELL,64404.95,64793.782857142854,63432.86785714285,0.13,CORE_SYSTEM
2026-08-17T21:52:27.730816,XAUUSDz,SELL,4407.507,4415.026714285715,4388.707714285712,0.07,CORE_SYSTEM
2026-08-17T21:52:28.291581,AUDJPYz,SELL,113.35,113.41728571428571,113.1817857142857,1.19,CORE_SYSTEM
2026-08-17T21:52:29.028755,USDCHFz,BUY,0.81143,0.8105842857142858,0.8135442857142856,0.48,CORE_SYSTEM
2026-08-17T21:52:29.647707,US30z,BUY,53511.0,53447.77142857143,53669.07142857142,0.79,CORE_SYSTEM
2026-08-17T22:11:26.716088,BTCUSDz,SELL,64324.77,64759.59285714286,63237.71285714284,0.11,CORE_SYSTEM
2026-08-17T22:11:27.476925,AUDJPYz,SELL,113.31,113.423,113.0275,0.71,CORE_SYSTEM
2026-08-17T22:11:28.146269,EURJPYz,SELL,184.666,184.79471428571432,184.3442142857142,0.62,CORE_SYSTEM
2026-08-17T22:11:28.738634,XAUUSDz,SELL,4404.764,4412.1254285714285,4386.360428571429,0.07,CORE_SYSTEM
2026-08-17T22:11:29.448926,GBPJPYz,SELL,216.0,216.19028571428572,215.5242857142857,0.42,CORE_SYSTEM
2026-08-17T22:11:30.013372,US30z,BUY,53523.0,53455.0,53693.0,0.74,CORE_SYSTEM
2026-08-17T22:29:54.340463,AUDJPYz,SELL,113.292,113.411,112.9945,0.67,CORE_SYSTEM
2026-08-17T22:30:54.421382,GBPJPYz,SELL,215.916,216.11814285714286,215.41064285714285,0.39,CORE_SYSTEM
2026-08-17T22:30:55.104054,EURJPYz,SELL,184.598,184.76785714285717,184.17335714285713,0.47,CORE_SYSTEM
2026-08-17T22:54:31.832463,USDJPYz,SELL,159.453,159.57314285714284,159.1526428571429,0.66,CORE_SYSTEM
2026-08-17T22:54:32.411035,USDCHFz,BUY,0.81092,0.80996,0.8133199999999998,0.42,CORE_SYSTEM
2026-08-17T23:01:02.661738,AUDUSDz,SELL,0.71049,0.7111414285714286,0.7088614285714283,0.77,CORE_SYSTEM
2026-08-17T23:11:05.625841,EURUSDz,SELL,1.15778,1.1588314285714285,1.1551514285714288,0.48,CORE_SYSTEM
2026-08-17T23:33:13.171932,AUDUSDz,SELL,0.71041,0.7109942857142857,0.7089492857142857,0.86,CORE_SYSTEM
2026-08-17T23:33:13.908764,USDCHFz,BUY,0.81098,0.8101657142857144,0.8130157142857142,0.5,CORE_SYSTEM
2026-08-17T23:33:14.817494,EURUSDz,SELL,1.15778,1.15863,1.1556549999999999,0.59,CORE_SYSTEM
2026-08-18T10:00:30.570092,GBPUSDz,SELL,1.3525800000000001,1.3558642857142855,1.3443692857142866,0.15,CORE_SYSTEM
2026-08-18T10:01:28.632240,AUDJPYz,SELL,113.42,113.5067142857143,113.20321428571427,0.92,CORE_SYSTEM
2026-08-18T10:01:29.263899,EURJPYz,SELL,184.837,184.96571428571428,184.51521428571425,0.62,CORE_SYSTEM
2026-08-18T10:01:29.836793,AUDUSDz,SELL,0.71016,0.7106585714285715,0.7089135714285714,1.0,CORE_SYSTEM
2026-08-18T10:01:30.435318,GBPJPYz,SELL,216.04,216.29628571428572,215.39928571428567,0.31,CORE_SYSTEM
2026-08-18T10:01:30.996040,EURUSDz,SELL,1.15731,1.1579571428571427,1.1556921428571436,0.77,CORE_SYSTEM
2026-08-18T10:01:31.558082,EURGBPz,SELL,0.85556,0.8560000000000001,0.8544599999999998,0.84,CORE_SYSTEM
2026-08-18T10:01:32.130308,USDCHFz,BUY,0.81141,0.8107828571428571,0.812977857142857,0.65,CORE_SYSTEM
2026-08-18T10:01:32.738684,XAUUSDz,SELL,4398.867,4405.696285714286,4381.793785714285,0.07,CORE_SYSTEM
2026-08-18T10:01:33.273627,USDJPYz,SELL,159.711,159.90114285714284,159.23564285714292,0.42,CORE_SYSTEM
2026-08-18T10:01:33.824599,USDCADz,SELL,1.38701,1.3884557142857143,1.3833957142857143,0.48,CORE_SYSTEM
2026-08-18T10:40:12.044157,USDCHFz,BUY,0.81079,0.8102842857142857,0.8120542857142858,0.8,CORE_SYSTEM
2026-08-18T11:05:14.770140,XAUUSDz,SELL,4394.165,4403.100142857143,4371.827142857143,0.06,CORE_SYSTEM
2026-08-18T11:07:15.299320,USDCHFz,BUY,0.81173,0.8098085714285714,0.8165335714285713,0.21,CORE_SYSTEM
2026-08-18T11:34:17.304729,XAUUSDz,SELL,4392.625,4397.849428571429,4379.563928571428,0.1,CORE_SYSTEM
2026-08-18T12:38:25.780677,AUDUSDz,SELL,0.71079,0.7113771428571429,0.7093221428571428,0.85,CORE_SYSTEM
2026-08-18T12:38:26.412552,USDCADz,SELL,1.38635,1.3878471428571428,1.3826071428571427,0.46,CORE_SYSTEM
2026-08-18T12:38:27.077956,USDJPYz,SELL,159.6,159.79228571428573,159.11928571428567,0.42,CORE_SYSTEM
2026-08-18T12:38:27.671810,GBPJPYz,SELL,215.98,216.16942857142857,215.50642857142856,0.42,CORE_SYSTEM
2026-08-18T12:39:25.371413,EURJPYz,SELL,184.777,184.914,184.43449999999999,0.58,CORE_SYSTEM
2026-08-18T12:44:25.946681,AUDUSDz,SELL,0.71046,0.7114042857142858,0.7080992857142854,0.53,CORE_SYSTEM
2026-08-18T12:44:26.563404,XAUUSDz,SELL,4387.901,4401.722,4353.3485,0.04,CORE_SYSTEM
2026-08-18T12:59:30.466859,EURUSDz,SELL,1.15795,1.158782857142857,1.1558678571428578,0.6,CORE_SYSTEM
2026-08-18T14:08:40.569614,AUDJPYz,SELL,113.511,113.57485714285713,113.35135714285717,1.25,CORE_SYSTEM
2026-08-18T14:22:30.285129,AUDJPYz,SELL,113.518,113.59085714285715,113.33585714285714,1.1,CORE_SYSTEM
2026-08-18T14:22:30.960808,AUDUSDz,SELL,0.7107,0.7113114285714286,0.7091714285714286,0.82,CORE_SYSTEM
2026-08-18T14:22:32.322018,EURJPYz,SELL,184.88,184.99485714285711,184.5928571428572,0.7,CORE_SYSTEM
2026-08-18T14:22:32.882856,GBPJPYz,SELL,216.01,216.18871428571427,215.5632142857143,0.45,CORE_SYSTEM
2026-08-18T14:22:33.430586,EURGBPz,SELL,0.85591,0.8563085714285714,0.8549135714285713,0.93,CORE_SYSTEM
2026-08-18T14:22:34.007957,GBPUSDz,BUY,1.3523100000000001,1.3512428571428572,1.3549778571428575,0.47,CORE_SYSTEM
2026-08-18T14:22:34.548538,USDJPYz,SELL,159.73,159.83142857142857,159.47642857142853,0.79,CORE_SYSTEM
2026-08-18T15:04:58.894823,AUDUSDz,SELL,0.71133,0.7116585714285715,0.7110014285714286,1.52,CORE_SYSTEM
2026-08-18T15:18:03.578342,EURUSDz,SELL,1.15759,1.1586514285714287,1.1565285714285711,0.47,CORE_SYSTEM
2026-08-18T15:18:04.155137,AUDUSDz,SELL,0.71108,0.7119271428571429,0.7102328571428572,0.59,CORE_SYSTEM
2026-08-18T15:18:04.730308,EURGBPz,SELL,0.85571,0.8562614285714285,0.8551585714285714,0.67,CORE_SYSTEM
2026-08-18T15:18:05.302876,GBPJPYz,SELL,216.008,216.15342857142858,215.86257142857144,0.55,CORE_SYSTEM
2026-08-18T15:18:05.874965,USDJPYz,SELL,159.678,159.79900000000004,159.55699999999996,0.66,CORE_SYSTEM
2026-08-18T15:18:06.481473,XAUUSDz,SELL,4392.11,4401.017285714285,4383.202714285714,0.06,CORE_SYSTEM
2026-08-18T15:22:03.903877,USDCADz,SELL,1.38726,1.3884285714285713,1.3860914285714285,0.59,CORE_SYSTEM
2026-08-18T16:37:13.984317,GBPUSDz,BUY,1.35399,1.3520114285714284,1.3559685714285716,0.25,CORE_SYSTEM
2026-08-18T16:39:14.227454,USTECz,BUY,29652.45,29526.764285714286,29778.135714285716,0.4,CORE_SYSTEM
2026-08-18T17:38:56.492897,EURUSDz,SELL,1.1583,1.1599242857142855,1.1566757142857147,0.31,CORE_SYSTEM
2026-08-18T17:38:57.204324,XAUUSDz,SELL,4390.965,4418.2684285714295,4363.661571428571,0.02,CORE_SYSTEM
2026-08-18T17:38:57.776062,US30z,BUY,53430.0,53167.47142857143,53692.52857142857,0.19,CORE_SYSTEM
2026-08-18T17:38:58.503479,USTECz,BUY,29583.45,29474.934285714287,29691.965714285714,0.46,CORE_SYSTEM
2026-08-18T17:41:49.451871,AUDUSDz,SELL,0.71063,0.7122285714285714,0.7090314285714285,0.31,CORE_SYSTEM
2026-08-18T17:55:52.171501,EURGBPz,SELL,0.85521,0.8558757142857143,0.8545442857142858,0.55,CORE_SYSTEM
2026-08-18T17:55:53.376966,AUDUSDz,SELL,0.71024,0.7118657142857142,0.7086142857142858,0.31,CORE_SYSTEM
2026-08-18T17:56:53.030674,USDCADz,SELL,1.38876,1.3892242857142856,1.3882957142857144,1.5,CORE_SYSTEM
2026-08-18T17:58:01.489183,GBPJPYz,SELL,216.133,216.25414285714288,216.01185714285714,0.66,CORE_SYSTEM
2026-08-18T18:00:01.314979,USDCADz,SELL,1.38863,1.389932857142857,1.387327142857143,0.53,CORE_SYSTEM
2026-08-18T18:00:02.609651,GBPJPYz,SELL,216.077,216.3134285714286,215.8405714285714,0.34,CORE_SYSTEM
2026-08-18T18:00:04.021861,EURGBPz,SELL,0.85513,0.85574,0.85452,0.61,CORE_SYSTEM
2026-08-18T18:00:07.133563,EURUSDz,SELL,1.15812,1.15994,1.1563,0.27,CORE_SYSTEM
2026-08-18T18:00:10.356116,USTECz,BUY,29483.19,29337.338571428572,29629.041428571425,0.34,CORE_SYSTEM
2026-08-18T18:29:22.835851,EURUSDz,SELL,1.15792,1.1598914285714286,1.1559485714285715,0.25,CORE_SYSTEM
2026-08-18T18:29:23.383558,USTECz,BUY,29531.45,29301.84285714286,29761.057142857142,0.22,CORE_SYSTEM
2026-08-18T18:29:23.932934,XAUUSDz,SELL,4359.432,4377.522714285715,4341.341285714285,0.03,CORE_SYSTEM
2026-08-18T19:19:53.311139,US30z,BUY,53404.0,53218.04285714286,53589.95714285714,0.27,CORE_SYSTEM
2026-08-18T19:19:54.283120,USTECz,BUY,29558.45,29417.952857142856,29698.947142857145,0.36,CORE_SYSTEM
2026-08-18T19:21:52.894513,USTECz,BUY,29585.45,29417.454285714284,29753.445714285717,0.3,CORE_SYSTEM
2026-08-18T19:21:53.447015,US30z,BUY,53420.0,53216.18571428571,53623.81428571429,0.25,CORE_SYSTEM
2026-08-18T19:30:54.329204,US30z,BUY,53402.0,53241.614285714284,53562.385714285716,0.31,CORE_SYSTEM
2026-08-18T19:30:54.888110,USTECz,BUY,29546.45,29401.995714285717,29690.904285714285,0.35,CORE_SYSTEM
2026-08-18T19:50:58.061106,US30z,BUY,53413.0,53240.114285714284,53585.885714285716,0.29,CORE_SYSTEM
2026-08-18T19:53:48.407448,AUDUSDz,SELL,0.70931,0.7102742857142856,0.7083457142857144,0.52,CORE_SYSTEM
2026-08-18T19:53:49.968036,EURUSDz,SELL,1.15814,1.15872,1.15756,0.86,CORE_SYSTEM
2026-08-18T19:53:51.830886,GBPJPYz,SELL,216.108,216.21985714285714,215.99614285714287,0.71,CORE_SYSTEM
2026-08-18T19:53:52.382100,EURGBPz,SELL,0.85514,0.85566,0.85462,0.71,CORE_SYSTEM
2026-08-18T19:53:53.529019,USDJPYz,SELL,159.566,159.64928571428572,159.48271428571428,0.96,CORE_SYSTEM
2026-08-18T19:55:48.577119,USDCADz,SELL,1.38958,1.3910271428571428,1.3881328571428573,0.48,CORE_SYSTEM
2026-08-18T20:02:51.591813,AUDUSDz,SELL,0.709,0.7101957142857143,0.7078042857142857,0.42,CORE_SYSTEM
2026-08-18T20:02:52.407081,GBPJPYz,SELL,216.047,216.189,215.905,0.56,CORE_SYSTEM
2026-08-18T20:08:52.934409,AUDUSDz,SELL,0.70891,0.7102142857142857,0.7076057142857144,0.38,CORE_SYSTEM
2026-08-18T20:08:53.516576,EURUSDz,SELL,1.1576,1.1585100000000002,1.1566899999999998,0.55,CORE_SYSTEM
2026-08-18T20:18:37.300612,GBPJPYz,SELL,216.039,216.088,215.91649999999998,1.63,CORE_SYSTEM
2026-08-18T20:18:37.858016,XAUUSDz,BUY,4365.492,4356.930571428571,4386.895571428573,0.06,CORE_SYSTEM
2026-08-18T20:18:38.493722,USTECz,BUY,29542.2,29426.64857142857,29831.078571428578,0.43,CORE_SYSTEM
2026-08-18T20:20:40.509808,AUDUSDz,SELL,0.70905,0.71008,0.7064749999999997,0.49,CORE_SYSTEM
2026-08-18T20:20:41.198278,GBPJPYz,SELL,216.046,216.11642857142857,215.86992857142855,1.13,CORE_SYSTEM
2026-08-18T20:20:41.772091,US30z,BUY,53396.0,53265.34285714286,53722.642857142855,0.38,CORE_SYSTEM
2026-08-18T20:20:42.471378,XAUUSDz,BUY,4365.131,4355.387428571429,4389.489928571428,0.05,CORE_SYSTEM
2026-08-18T20:20:43.136230,EURGBPz,SELL,0.85526,0.8557585714285715,0.8540135714285714,0.74,CORE_SYSTEM
2026-08-18T20:20:43.804265,EURUSDz,SELL,1.15774,1.1581414285714287,1.1567364285714283,1.25,CORE_SYSTEM
2026-08-18T20:20:44.428802,USDCADz,SELL,1.38998,1.3912614285714284,1.3867764285714288,0.54,CORE_SYSTEM
2026-08-18T20:20:45.531254,USDJPYz,SELL,159.604,159.66242857142856,159.45792857142862,1.37,CORE_SYSTEM
2026-08-18T20:20:46.894859,USTECz,BUY,29538.45,29426.327142857142,29818.757142857146,0.45,CORE_SYSTEM
2026-08-18T20:20:48.350869,GBPUSDz,SELL,1.35365,1.3554371428571428,1.349182142857143,0.28,CORE_SYSTEM
2026-08-18T21:06:49.878647,EURGBPz,SELL,0.85534,0.8556885714285715,0.8544685714285714,1.06,CORE_SYSTEM
2026-08-18T21:06:50.432387,USDJPYz,SELL,159.607,159.65557142857145,159.48557142857138,1.64,CORE_SYSTEM
2026-08-18T21:06:51.151713,US30z,BUY,53355.0,53258.142857142855,53597.14285714286,0.52,CORE_SYSTEM
2026-08-18T21:06:51.839045,USTECz,BUY,29499.7,29403.837142857144,29739.35714285714,0.52,CORE_SYSTEM
2026-08-18T21:06:52.453496,GBPUSDz,SELL,1.3532899999999999,1.35471,1.3497399999999993,0.35,CORE_SYSTEM
2026-08-18T21:13:52.515246,EURUSDz,SELL,1.15771,1.158027142857143,1.1569171428571428,1.58,CORE_SYSTEM
2026-08-18T21:15:52.838758,USDJPYz,SELL,159.586,159.64128571428571,159.44778571428577,1.44,CORE_SYSTEM
2026-08-18T21:15:53.452892,US30z,BUY,53413.0,53256.42857142857,53804.428571428565,0.32,CORE_SYSTEM
2026-08-18T21:15:54.064118,USTECz,BUY,29509.45,29394.031428571427,29797.996428571438,0.43,CORE_SYSTEM
2026-08-18T21:18:54.509404,GBPJPYz,SELL,216.019,216.06642857142856,215.90042857142862,1.68,CORE_SYSTEM
2026-08-18T21:22:55.834228,USDJPYz,SELL,159.576,159.6307142857143,159.43921428571423,1.46,CORE_SYSTEM
2026-08-18T21:22:56.576244,USTECz,BUY,29530.2,29389.54857142857,29881.828571428574,0.36,CORE_SYSTEM
2026-08-18T21:22:57.173071,EURGBPz,SELL,0.85531,0.8560500000000001,0.8534599999999999,0.5,CORE_SYSTEM
2026-08-18T21:25:55.555357,GBPJPYz,SELL,216.033,216.08785714285716,215.89585714285704,1.45,CORE_SYSTEM
2026-08-18T21:32:56.919521,GBPJPYz,SELL,216.039,216.104,215.8764999999999,1.23,CORE_SYSTEM
2026-08-18T21:32:57.488599,USDJPYz,SELL,159.599,159.63271428571431,159.51471428571418,2.37,CORE_SYSTEM
2026-08-18T21:32:58.076372,US30z,BUY,53421.0,53305.42857142857,53709.928571428565,0.43,CORE_SYSTEM
2026-08-18T21:32:58.613474,GBPUSDz,SELL,1.3536000000000001,1.3547,1.3508500000000003,0.45,CORE_SYSTEM
2026-08-18T21:46:00.416425,USDJPYz,SELL,159.631,159.66685714285714,159.54135714285715,2.23,CORE_SYSTEM
2026-08-18T21:52:00.319098,USDJPYz,SELL,159.616,159.67171428571427,159.47671428571437,1.43,CORE_SYSTEM
2026-08-18T21:52:00.899114,EURGBPz,SELL,0.8553,0.85557,0.8546249999999997,1.37,CORE_SYSTEM
2026-08-18T21:52:01.473770,GBPUSDz,SELL,1.35334,1.3562471428571428,1.346072142857143,0.17,CORE_SYSTEM
2026-08-18T21:56:02.386160,XAUUSDz,BUY,4355.167,4347.180571428572,4375.133071428571,0.06,CORE_SYSTEM
2026-08-18T22:17:07.972620,AUDUSDz,SELL,0.70856,0.7092714285714286,0.7067814285714284,0.7,CORE_SYSTEM
2026-08-18T22:17:10.108238,EURGBPz,SELL,0.8553,0.8555857142857144,0.8545857142857138,1.29,CORE_SYSTEM
2026-08-18T22:17:11.542901,USDCADz,SELL,1.3896,1.3915785714285716,1.3846535714285708,0.35,CORE_SYSTEM
2026-08-18T22:17:12.438849,EURUSDz,SELL,1.15768,1.158032857142857,1.1567978571428574,1.42,CORE_SYSTEM
2026-08-18T22:17:13.162230,GBPJPYz,SELL,216.017,216.08014285714287,215.85914285714279,1.26,CORE_SYSTEM
2026-08-18T22:24:05.183255,XAUUSDz,BUY,4353.838,4347.004428571429,4370.921928571426,0.07,CORE_SYSTEM
2026-08-18T22:32:04.998001,USDJPYz,SELL,159.605,159.6564285714286,159.47642857142847,1.55,CORE_SYSTEM
2026-08-18T22:40:06.171381,GBPJPYz,SELL,216.077,216.119,215.97199999999998,1.9,CORE_SYSTEM
2026-08-18T22:42:06.035799,EURUSDz,SELL,1.15801,1.1582285714285714,1.1574635714285715,2.29,CORE_SYSTEM
2026-08-18T22:49:07.404906,GBPJPYz,SELL,216.051,216.12985714285713,215.85385714285712,1.01,CORE_SYSTEM
2026-08-18T22:49:08.801627,EURUSDz,SELL,1.1578,1.15838,1.1563499999999998,0.86,CORE_SYSTEM
2026-08-18T22:49:10.411089,XAUUSDz,BUY,4346.467,4341.435142857143,4359.046642857142,0.1,CORE_SYSTEM
2026-08-19T10:00:17.904586,EURUSDz,BUY,1.15954,1.1575871428571427,1.1644221428571433,0.26,CORE_SYSTEM
2026-08-19T10:01:16.817866,AUDUSDz,BUY,0.70761,0.7061814285714286,0.7111814285714283,0.35,CORE_SYSTEM
2026-08-19T10:01:17.422648,USDCADz,SELL,1.38755,1.3887857142857143,1.3844607142857144,0.56,CORE_SYSTEM
2026-08-19T10:01:18.835453,XAUUSDz,BUY,4349.684,4337.667714285714,4379.724714285715,0.04,CORE_SYSTEM
2026-08-19T10:01:19.389308,GBPUSDz,BUY,1.35524,1.3526042857142857,1.3618292857142857,0.19,CORE_SYSTEM
2026-08-19T10:01:19.950366,USDJPYz,SELL,159.229,159.50585714285714,158.5368571428572,0.29,CORE_SYSTEM
2026-08-19T15:01:35.202804,EURGBPz,SELL,0.85607,0.8567914285714285,0.8542664285714286,0.51,CORE_SYSTEM
2026-08-19T15:02:28.523732,XAUUSDz,BUY,4364.182,4357.382428571429,4381.180928571426,0.07,CORE_SYSTEM
2026-08-19T15:04:00.480600,EURUSDz,BUY,1.16044,1.158475714285714,1.1653507142857147,0.25,CORE_SYSTEM
2026-08-19T15:04:01.022303,USDJPYz,SELL,159.094,159.45328571428573,158.19578571428565,0.22,CORE_SYSTEM
2026-08-19T15:13:01.871894,XAUUSDz,BUY,4368.251,4355.997714285714,4398.884214285716,0.04,CORE_SYSTEM
2026-08-19T15:21:01.558515,AUDUSDz,BUY,0.70808,0.7065457142857142,0.7119157142857147,0.33,CORE_SYSTEM
2026-08-19T15:21:02.112128,EURGBPz,SELL,0.856,0.856452857142857,0.8548678571428574,0.81,CORE_SYSTEM
2026-08-19T15:21:03.509164,XAUUSDz,BUY,4370.201,4358.278857142857,4400.006357142856,0.04,CORE_SYSTEM
2026-08-19T15:21:04.050120,USDCADz,SELL,1.38687,1.3883885714285713,1.383073571428572,0.46,CORE_SYSTEM
2026-08-19T15:21:04.625308,USDJPYz,SELL,159.048,159.46128571428574,158.01478571428567,0.19,CORE_SYSTEM
2026-08-19T15:21:05.170559,EURUSDz,BUY,1.16089,1.1584042857142856,1.1671042857142861,0.2,CORE_SYSTEM
2026-08-19T15:21:05.720213,GBPUSDz,BUY,1.35617,1.3527228571428571,1.3647878571428576,0.15,CORE_SYSTEM
2026-08-19T15:22:01.654187,AUDUSDz,BUY,0.70809,0.70654,0.7119650000000002,0.32,CORE_SYSTEM
2026-08-19T15:22:02.241950,EURGBPz,SELL,0.85596,0.8564542857142856,0.8547242857142862,0.75,CORE_SYSTEM
2026-08-19T15:22:02.774819,USDCADz,SELL,1.38686,1.3883914285714285,1.3830314285714287,0.45,CORE_SYSTEM
2026-08-19T15:22:04.432153,XAUUSDz,BUY,4372.133,4358.023857142857,4407.405857142856,0.04,CORE_SYSTEM
2026-08-19T15:22:05.008263,GBPUSDz,BUY,1.3562699999999999,1.3527228571428571,1.3651378571428567,0.14,CORE_SYSTEM
2026-08-19T15:22:05.602788,USDJPYz,SELL,159.014,159.4647142857143,157.88721428571426,0.18,CORE_SYSTEM
2026-08-19T15:22:06.195442,EURUSDz,BUY,1.1609099999999999,1.1584042857142856,1.1671742857142857,0.2,CORE_SYSTEM
2026-08-19T15:35:02.166207,GBPJPYz,BUY,215.483,215.2717142857143,216.0112142857143,0.38,CORE_SYSTEM
2026-08-19T15:38:05.151686,XAUUSDz,BUY,4407.62,4355.605142857144,4537.657142857141,0.01,CORE_SYSTEM
2026-08-19T15:40:02.424981,GBPJPYz,BUY,215.031,214.59514285714286,216.12064285714285,0.18,CORE_SYSTEM
2026-08-19T15:40:03.007173,AUDUSDz,BUY,0.70931,0.7068014285714286,0.7155814285714286,0.2,CORE_SYSTEM
2026-08-19T15:40:03.564576,USDJPYz,BUY,158.372,157.91514285714285,159.51414285714293,0.17,CORE_SYSTEM
2026-08-19T15:41:02.519412,GBPUSDz,SELL,1.35769,1.3597257142857142,1.3526007142857148,0.25,CORE_SYSTEM
2026-08-19T15:41:04.147596,EURUSDz,SELL,1.16231,1.1639285714285712,1.1582635714285718,0.31,CORE_SYSTEM
2026-08-19T15:49:03.198009,GBPUSDz,SELL,1.35978,1.3602642857142857,1.3585692857142857,1.03,CORE_SYSTEM
2026-08-19T15:51:03.356834,GBPUSDz,SELL,1.35929,1.361432857142857,1.3539328571428582,0.23,CORE_SYSTEM
2026-08-19T15:51:03.888242,GBPJPYz,BUY,215.558,214.89685714285713,217.21085714285715,0.12,CORE_SYSTEM
2026-08-19T16:01:04.084854,USTECz,BUY,29642.25,29523.21571428571,29939.835714285724,0.42,CORE_SYSTEM
2026-08-19T16:01:04.627279,US30z,BUY,53635.0,53507.142857142855,53954.64285714286,0.39,CORE_SYSTEM
2026-08-19T16:06:04.303192,EURUSDz,SELL,1.16398,1.16562,1.1598799999999998,0.3,CORE_SYSTEM
2026-08-19T16:09:04.415100,AUDUSDz,BUY,0.71125,0.7081999999999999,0.7188750000000004,0.16,CORE_SYSTEM
2026-08-19T16:09:04.968031,GBPJPYz,BUY,215.562,215.15142857142857,216.5884285714286,0.19,CORE_SYSTEM
2026-08-19T16:09:05.514349,EURGBPz,SELL,0.85595,0.85639,0.85485,0.84,CORE_SYSTEM
2026-08-19T16:09:07.497741,XAUUSDz,SELL,4440.419,4466.016857142858,4376.424357142856,0.02,CORE_SYSTEM
2026-08-19T16:09:08.187752,USDJPYz,BUY,158.43,158.09385714285713,159.2703571428572,0.24,CORE_SYSTEM
2026-08-19T16:11:04.606778,EURGBPz,SELL,0.85577,0.8564014285714286,0.8541914285714285,0.58,CORE_SYSTEM
2026-08-19T16:11:05.212598,AUDUSDz,BUY,0.71157,0.7081385714285714,0.7201485714285716,0.15,CORE_SYSTEM
2026-08-19T16:11:05.875623,GBPJPYz,BUY,215.537,215.14257142857144,216.52307142857143,0.2,CORE_SYSTEM
2026-08-19T16:11:06.451924,USTECz,BUY,29657.0,29519.92857142857,29999.67857142858,0.36,CORE_SYSTEM
2026-08-19T16:15:05.778984,EURGBPz,SELL,0.85557,0.8564471428571427,0.8533771428571433,0.42,CORE_SYSTEM
2026-08-19T16:15:06.816860,AUDUSDz,BUY,0.71189,0.7086185714285714,0.7200685714285715,0.15,CORE_SYSTEM
2026-08-19T16:15:07.950413,GBPUSDz,SELL,1.3615,1.3634499999999998,1.3566250000000002,0.26,CORE_SYSTEM
2026-08-19T16:15:09.114255,US30z,BUY,53637.0,53491.0,54002.0,0.34,CORE_SYSTEM
2026-08-19T16:15:10.347128,USTECz,BUY,29660.75,29521.54714285714,30008.75714285715,0.36,CORE_SYSTEM
2026-08-19T16:15:11.757534,GBPJPYz,BUY,215.637,215.13628571428572,216.8887857142857,0.16,CORE_SYSTEM
2026-08-19T16:16:06.925835,XAUUSDz,SELL,4461.025,4487.484142857143,4394.877142857142,0.02,CORE_SYSTEM
2026-08-19T16:31:06.901690,EURUSDz,SELL,1.16555,1.1668714285714286,1.162246428571429,0.38,CORE_SYSTEM
2026-08-19T16:32:06.781952,US30z,BUY,53482.6,53471.32857142857,53510.77857142858,4.44,CORE_SYSTEM
2026-08-19T16:34:06.994153,US30z,BUY,53485.0,53464.42857142857,53536.428571428565,2.43,CORE_SYSTEM
2026-08-19T16:35:07.108862,US30z,BUY,53476.0,53464.42857142857,53504.928571428565,4.32,CORE_SYSTEM
2026-08-19T16:37:07.289837,US30z,BUY,53483.0,53464.42857142857,53529.428571428565,2.69,CORE_SYSTEM
2026-08-19T16:40:07.224959,USTECz,BUY,29521.0,29512.702857142853,29541.742857142868,6.03,CORE_SYSTEM
2026-08-19T16:40:08.311713,US30z,BUY,53487.0,53464.42857142857,53543.428571428565,2.22,CORE_SYSTEM
2026-08-19T16:41:07.229912,USTECz,BUY,29544.99,29512.34428571428,29626.604285714304,1.53,CORE_SYSTEM
2026-08-19T16:42:07.653609,USTECz,BUY,29512.75,29509.98714285714,29519.657142857155,18.1,CORE_SYSTEM
2026-08-19T16:42:09.084787,US30z,BUY,53494.0,53464.42857142857,53567.928571428565,1.69,CORE_SYSTEM
2026-08-19T16:43:07.456673,USTECz,BUY,29532.0,29509.98714285714,29587.032142857155,2.27,CORE_SYSTEM
2026-08-19T16:48:07.571254,USTECz,BUY,29521.25,29368.655714285713,29902.735714285718,0.33,CORE_SYSTEM
2026-08-19T16:49:07.937190,US30z,BUY,53471.0,53287.88571428571,53928.785714285725,0.27,CORE_SYSTEM
2026-08-19T16:52:07.281643,USTECz,BUY,29356.5,29344.691428571427,29386.021428571432,4.23,CORE_SYSTEM
2026-08-19T16:53:07.351773,USTECz,BUY,29399.49,29344.691428571427,29536.48642857144,0.91,CORE_SYSTEM
2026-08-19T17:00:07.890548,GBPJPYz,SELL,215.746,216.09742857142857,214.8674285714286,0.23,LIQUIDITY_SWEEP
2026-08-19T17:11:08.578999,USTECz,BUY,29334.5,29177.77428571428,29726.3142857143,0.32,CORE_SYSTEM
2026-08-19T17:16:08.954946,EURGBPz,SELL,0.85643,0.8570171428571429,0.8549621428571428,0.63,CORE_SYSTEM
2026-08-19T17:22:09.204066,EURUSDz,SELL,1.1667399999999999,1.1679985714285714,1.163593571428571,0.4,CORE_SYSTEM
2026-08-19T17:28:11.449308,XAUUSDz,SELL,4486.433,4502.222714285715,4446.9587142857135,0.03,CORE_SYSTEM
2026-08-19T17:33:11.340239,USDCADz,BUY,1.3808099999999999,1.3788785714285714,1.385638571428571,0.36,CORE_SYSTEM
2026-08-19T17:40:43.913932,AUDUSDz,BUY,0.71275,0.7100085714285714,0.7196035714285713,0.18,CORE_SYSTEM
2026-08-19T17:40:45.573722,EURGBPz,SELL,0.85695,0.8574042857142857,0.8558142857142856,0.81,CORE_SYSTEM
2026-08-19T17:40:46.647105,GBPJPYz,BUY,215.408,215.15528571428572,216.03978571428564,0.31,CORE_SYSTEM
2026-08-19T17:40:47.960404,USDJPYz,BUY,158.102,157.82671428571427,158.79021428571434,0.29,CORE_SYSTEM
2026-08-19T17:40:49.506956,USTECz,BUY,29497.5,29129.431428571424,30417.67142857144,0.14,CORE_SYSTEM
2026-08-19T18:00:43.563513,USDCADz,SELL,1.3815,1.3852371428571428,1.3721571428571426,0.18,CORE_SYSTEM
2026-08-19T18:30:45.243725,GBPJPYz,BUY,215.699,215.39842857142858,216.45042857142857,0.26,CORE_SYSTEM
2026-08-19T18:30:45.808499,USTECz,BUY,29536.75,29330.89285714285,30051.39285714287,0.24,CORE_SYSTEM
2026-08-19T19:22:06.720595,USDJPYz,BUY,158.426,158.26699999999997,158.82350000000002,0.5,CORE_SYSTEM
2026-08-19T20:15:15.909176,EURGBPz,SELL,0.85756,0.8581500000000001,0.8560849999999998,0.62,CORE_SYSTEM
2026-08-19T21:11:03.217180,GBPJPYz,BUY,215.414,215.3062857142857,215.6832857142857,0.74,CORE_SYSTEM
2026-08-19T21:25:54.337605,GBPJPYz,BUY,215.426,215.31199999999998,215.711,0.7,CORE_SYSTEM
2026-08-19T21:25:54.936559,AUDUSDz,BUY,0.71134,0.7090414285714285,0.7170864285714287,0.22,CORE_SYSTEM
2026-08-19T22:15:59.125416,USTECz,BUY,29489.0,29379.021428571425,29763.94642857144,0.45,CORE_SYSTEM
2026-08-19T22:15:59.763199,USDJPYz,BUY,158.283,158.14828571428572,158.61978571428565,0.59,CORE_SYSTEM
2026-08-19T22:16:00.382633,USDCADz,SELL,1.38116,1.385287142857143,1.3708421428571425,0.17,CORE_SYSTEM
2026-08-19T22:27:46.024834,GBPJPYz,BUY,215.29,215.2417142857143,215.41071428571422,1.64,CORE_SYSTEM
2026-08-19T22:28:46.190460,USDJPYz,BUY,158.159,158.11542857142857,158.26792857142857,1.81,CORE_SYSTEM
2026-08-19T22:31:46.252717,EURGBPz,SELL,0.85803,0.8583514285714285,0.8572264285714285,1.14,CORE_SYSTEM
2026-08-19T22:32:46.276384,AUDUSDz,BUY,0.71261,0.70889,0.7219099999999998,0.13,CORE_SYSTEM
2026-08-19T22:37:46.742330,USDJPYz,BUY,158.268,158.004,158.92800000000003,0.3,CORE_SYSTEM
2026-08-20T06:00:03.578458,GBPJPYz,BUY,215.578,215.44371428571426,215.91371428571435,0.29,CORE_SYSTEM
2026-08-20T06:00:04.869932,USTECz,BUY,29567.0,29332.635714285712,30152.910714285717,0.11,CORE_SYSTEM
2026-08-20T06:17:03.942573,USTECz,BUY,29574.0,29326.17428571428,30193.564285714296,0.1,CORE_SYSTEM
2026-08-20T07:08:09.592936,GBPJPYz,BUY,215.703,215.59799999999998,215.96550000000005,0.38,CORE_SYSTEM
2026-08-20T07:41:22.614526,GBPJPYz,BUY,215.779,215.68357142857144,216.0175714285714,0.42,CORE_SYSTEM
2026-08-20T07:56:16.491891,GBPJPYz,BUY,215.76,215.68085714285715,215.9578571428571,0.5,CORE_SYSTEM
2026-08-20T08:05:20.329884,USDJPYz,SELL,158.567,158.67357142857145,158.3005714285714,0.37,LIQUIDITY_SWEEP
2026-08-20T08:20:22.271758,XAUUSDz,BUY,4485.46,4477.339,4505.762500000001,0.03,LIQUIDITY_SWEEP
2026-08-20T08:29:21.673160,GBPJPYz,BUY,215.868,215.67528571428574,216.34978571428564,0.21,CORE_SYSTEM
2026-08-20T09:22:40.364651,GBPJPYz,BUY,215.655,215.59342857142857,215.80892857142857,0.64,CORE_SYSTEM
2026-08-20T10:01:42.918965,GBPJPYz,BUY,215.597,215.5167142857143,215.79771428571428,0.49,CORE_SYSTEM
2026-08-20T11:31:59.707248,USTECz,BUY,29412.0,29350.212857142855,29566.467857142863,0.4,CORE_SYSTEM
2026-08-20T12:19:12.700647,GBPJPYz,BUY,215.897,215.8874285714286,215.9209285714285,4.13,CORE_SYSTEM
2026-08-20T12:21:12.311712,GBPJPYz,BUY,215.877,215.77557142857142,216.13057142857147,0.39,CORE_SYSTEM
2026-08-20T13:11:33.476870,GBPJPYz,BUY,216.126,215.8555714285714,216.80207142857148,0.15,CORE_SYSTEM
2026-08-20T14:07:53.493650,USTECz,BUY,29424.0,29356.941428571427,29591.646428571432,0.37,CORE_SYSTEM
2026-08-20T14:29:04.903482,USTECz,BUY,29359.2,29286.505714285715,29540.935714285715,0.41,CORE_SYSTEM
2026-08-20T14:43:05.841674,US30z,BUY,53282.0,53276.77142857143,53295.07142857142,5.74,CORE_SYSTEM
2026-08-20T14:45:05.557130,US30z,BUY,53249.5,53183.7,53414.00000000001,0.46,CORE_SYSTEM
2026-08-20T14:54:06.262574,US30z,BUY,53243.0,53180.857142857145,53398.35714285714,0.48,CORE_SYSTEM
2026-08-20T15:06:07.048273,US30z,BUY,53123.0,53096.21428571428,53189.96428571429,1.12,CORE_SYSTEM
2026-08-20T15:10:07.855170,US30z,BUY,53100.0,53091.642857142855,53120.89285714286,3.59,CORE_SYSTEM
2026-08-20T15:13:08.245636,US30z,BUY,53102.0,53090.642857142855,53130.39285714286,2.64,CORE_SYSTEM
2026-08-20T15:30:09.262867,US30z,BUY,53063.9,52981.985714285714,53268.68571428572,0.37,CORE_SYSTEM
2026-08-20T15:32:09.260735,USTECz,BUY,29196.25,29093.67,29452.700000000004,0.29,CORE_SYSTEM
2026-08-20T16:56:00.319906,EURUSDz,BUY,1.16795,1.16663,1.1712500000000001,0.23,LIQUIDITY_SWEEP
2026-08-20T17:22:59.770263,USTECz,BUY,29317.5,29091.52714285714,29882.43214285715,0.13,CORE_SYSTEM
2026-08-20T17:37:01.426678,US30z,BUY,53139.0,52859.357142857145,53838.10714285714,0.11,CORE_SYSTEM
2026-08-20T19:10:46.849590,US30z,BUY,53048.0,52830.5,53591.75,0.14,CORE_SYSTEM
2026-08-20T19:10:47.520844,USTECz,BUY,29252.25,29033.782857142854,29798.417857142864,0.14,CORE_SYSTEM
2026-08-20T22:25:44.777056,US30z,BUY,52873.0,52726.71428571428,53238.71428571429,0.21,CORE_SYSTEM
2026-08-21T09:15:40.552887,GBPJPYz,BUY,216.815,216.67985714285714,217.15285714285713,0.35,LIQUIDITY_SWEEP
2026-08-21T10:50:49.371782,EURUSDz,BUY,1.16902,1.1679085714285713,1.1717985714285715,0.27,LIQUIDITY_SWEEP
2026-08-21T10:50:50.051836,GBPUSDz,BUY,1.36426,1.3629299999999998,1.3675850000000007,0.23,LIQUIDITY_SWEEP
2026-08-21T11:00:15.187784,USDCHFz,SELL,0.80036,0.8041428571428572,0.7909028571428569,0.06,CORE_SYSTEM
2026-08-21T11:15:07.726687,GBPAUDz,BUY,1.90683,1.9053200000000001,1.9106049999999999,0.28,CORE_SYSTEM
2026-08-21T11:18:08.569274,EURAUDz,BUY,1.63426,1.6333328571428571,1.6365778571428573,0.45,CORE_SYSTEM
2026-08-21T12:00:10.427270,GBPAUDz,BUY,1.90807,1.904834285714286,1.916159285714285,0.13,CORE_SYSTEM
2026-08-21T12:00:10.981697,EURAUDz,BUY,1.63452,1.63264,1.6392199999999997,0.22,CORE_SYSTEM
2026-08-21T12:15:11.047536,GBPAUDz,BUY,1.90822,1.905997142857143,1.9137771428571426,0.19,CORE_SYSTEM
2026-08-21T12:15:11.595906,EURAUDz,BUY,1.63428,1.6325157142857143,1.6386907142857141,0.24,CORE_SYSTEM
2026-08-21T12:40:07.683781,GBPAUDz,BUY,1.90771,1.906077142857143,1.9117921428571425,0.06,CORE_SYSTEM
2026-08-21T13:58:11.849457,GBPAUDz,BUY,1.90604,1.9049914285714284,1.9086614285714287,0.09,CORE_SYSTEM
2026-08-21T15:14:15.950542,GBPAUDz,BUY,1.9050099999999999,1.9038985714285712,1.9077885714285716,0.09,CORE_SYSTEM
2026-08-21T15:53:18.420613,GBPAUDz,BUY,1.90391,1.902232857142857,1.9081028571428573,0.06,CORE_SYSTEM
2026-08-21T16:21:18.271708,AUDJPYz,SELL,113.79,113.89,113.54000000000002,0.79,CORE_SYSTEM
2026-08-21T16:21:18.859505,AUDUSDz,SELL,0.71641,0.7176442857142857,0.7133242857142856,0.41,CORE_SYSTEM
2026-08-21T16:21:19.410480,EURJPYz,SELL,185.625,185.77585714285715,185.24785714285713,0.53,CORE_SYSTEM
2026-08-21T16:21:20.031723,GBPUSDz,SELL,1.36378,1.3664928571428572,1.356997857142857,0.18,CORE_SYSTEM
2026-08-21T16:21:20.679660,EURUSDz,SELL,1.16868,1.1703785714285715,1.164433571428571,0.29,CORE_SYSTEM
2026-08-21T16:21:21.267487,USDCADz,BUY,1.37487,1.3731785714285714,1.3790985714285717,0.41,CORE_SYSTEM
2026-08-21T16:25:19.152482,GBPJPYz,SELL,216.611,216.8587142857143,215.99171428571418,0.32,CORE_SYSTEM
2026-08-21T17:23:22.725965,AUDJPYz,SELL,113.861,113.98371428571429,113.5542142857143,0.65,CORE_SYSTEM
2026-08-21T17:23:23.282769,EURJPYz,SELL,185.512,185.70857142857145,185.02057142857137,0.4,CORE_SYSTEM
2026-08-21T17:23:23.851075,EURUSDz,SELL,1.16766,1.1696642857142856,1.1626492857142856,0.25,CORE_SYSTEM
2026-08-21T17:23:24.384286,GBPUSDz,SELL,1.3637299999999999,1.3661928571428572,1.3575728571428565,0.2,CORE_SYSTEM
2026-08-21T17:41:23.775548,AUDJPYz,SELL,113.835,114.01457142857143,113.3860714285714,0.44,CORE_SYSTEM
2026-08-21T17:41:24.400316,AUDUSDz,SELL,0.71607,0.7179428571428571,0.7113878571428571,0.27,CORE_SYSTEM
2026-08-21T17:41:24.932516,EURUSDz,SELL,1.16697,1.1694914285714286,1.1606664285714285,0.2,CORE_SYSTEM
2026-08-21T17:41:25.487207,USDCADz,BUY,1.37747,1.3740414285714284,1.3860414285714289,0.2,CORE_SYSTEM
2026-08-21T17:41:26.042497,GBPJPYz,SELL,216.54,216.922,215.58499999999998,0.21,CORE_SYSTEM
2026-08-21T19:45:17.913258,EURUSDz,BUY,1.16818,1.1680599999999999,1.1683120000000002,0.25,SCALP_1.1
2026-08-21T20:10:18.820969,EURUSDz,BUY,1.16793,1.1677385714285715,1.168140571428571,0.16,SCALP_1.1_1
2026-08-21T20:10:19.605325,EURUSDz,BUY,1.16793,1.1677385714285715,1.168140571428571,0.16,SCALP_1.1_2
2026-08-21T20:10:20.285731,EURUSDz,BUY,1.16793,1.1677385714285715,1.168140571428571,0.16,SCALP_1.1_3
2026-08-21T20:10:20.954946,EURUSDz,BUY,1.16793,1.1677385714285715,1.168140571428571,0.16,SCALP_1.1_4
2026-08-21T20:10:21.765673,EURUSDz,BUY,1.16793,1.1677385714285715,1.168140571428571,0.16,SCALP_1.1_5
2026-08-23T00:48:24.432831,BTCUSDz,BUY,76946.02,76868.84978571428,77030.9072357143,0.04,SCALP_1.1_1
2026-08-23T00:48:25.398168,BTCUSDz,BUY,76946.02,76868.84978571428,77030.9072357143,0.04,SCALP_1.1_2
2026-08-23T00:48:26.261175,BTCUSDz,BUY,76946.02,76868.84978571428,77030.9072357143,0.04,SCALP_1.1_3
2026-08-24T02:42:12.870527,GBPUSDz,BUY,1.36457,1.3635742857142856,1.366561428571429,0.03,INSTITUTIONAL_DAYTRADE_1
2026-08-24T02:43:13.181378,GBPUSDz,BUY,1.36459,1.3635742857142856,1.3666214285714287,0.03,INSTITUTIONAL_DAYTRADE_1
2026-08-24T02:44:13.197958,GBPUSDz,BUY,1.36459,1.3635742857142856,1.3666214285714287,0.03,INSTITUTIONAL_DAYTRADE_1
2026-08-24T02:45:13.281194,GBPUSDz,BUY,1.36463,1.3642467857142857,1.3653964285714286,0.08,INSTITUTIONAL_DAYTRADE_1
2026-08-24T02:46:13.449366,GBPUSDz,BUY,1.3647,1.3642439285714287,1.3656121428571426,0.07,INSTITUTIONAL_DAYTRADE_1
2026-08-24T03:00:16.734509,USDJPYz,SELL,158.869,159.0478214285714,158.51135714285718,0.03,INSTITUTIONAL_DAYTRADE_1
2026-08-24T03:01:17.303532,USDJPYz,SELL,158.862,159.0482857142857,158.4894285714286,0.03,INSTITUTIONAL_DAYTRADE_1
2026-08-24T03:02:20.214848,USDJPYz,SELL,158.871,159.04835714285713,158.51628571428577,0.03,INSTITUTIONAL_DAYTRADE_1
2026-08-24T03:03:18.411647,USDJPYz,SELL,158.876,159.04835714285713,158.53128571428576,0.03,INSTITUTIONAL_DAYTRADE_1
2026-08-24T03:04:18.583085,USDJPYz,SELL,158.873,159.04835714285713,158.52228571428572,0.03,INSTITUTIONAL_DAYTRADE_1
2026-08-24T03:05:18.620678,USDJPYz,SELL,158.881,159.04835714285713,158.54628571428574,0.03,INSTITUTIONAL_DAYTRADE_1
2026-08-24T03:06:18.833744,USDJPYz,SELL,158.885,159.04835714285713,158.55828571428572,0.03,INSTITUTIONAL_DAYTRADE_1
2026-08-24T03:07:19.959896,USDJPYz,SELL,158.839,159.04960714285713,158.41778571428574,0.02,INSTITUTIONAL_DAYTRADE_1
2026-08-24T03:08:19.801503,USDJPYz,SELL,158.837,159.04960714285713,158.4117857142857,0.02,INSTITUTIONAL_DAYTRADE_1
2026-08-24T03:09:19.905386,USDJPYz,SELL,158.845,159.04960714285713,158.43578571428574,0.02,INSTITUTIONAL_DAYTRADE_1
2026-08-24T03:10:21.046664,USDJPYz,SELL,158.851,159.04960714285713,158.45378571428574,0.02,INSTITUTIONAL_DAYTRADE_1
2026-08-24T03:11:20.470176,USDJPYz,SELL,158.852,159.04960714285713,158.45678571428576,0.02,INSTITUTIONAL_DAYTRADE_1
2026-08-24T03:12:20.766462,USDJPYz,SELL,158.838,159.04960714285713,158.41478571428573,0.02,INSTITUTIONAL_DAYTRADE_1
2026-08-24T03:13:21.622809,USDJPYz,SELL,158.819,159.0497142857143,158.3575714285714,0.02,INSTITUTIONAL_DAYTRADE_1
2026-08-24T03:14:20.808346,USDJPYz,SELL,158.838,159.0497142857143,158.4145714285714,0.02,INSTITUTIONAL_DAYTRADE_1
2026-08-24T03:15:22.170598,EURGBPz,BUY,0.85582,0.8554942857142857,0.8564714285714288,0.07,INSTITUTIONAL_DAYTRADE_1
2026-08-24T03:15:23.226496,USDJPYz,SELL,158.815,158.93882142857143,158.56735714285713,0.04,INSTITUTIONAL_DAYTRADE_1
2026-08-24T03:16:21.148514,USDJPYz,SELL,158.827,158.93935714285715,158.6022857142857,0.04,INSTITUTIONAL_DAYTRADE_1
2026-08-24T03:16:22.451373,EURGBPz,BUY,0.85583,0.8554935714285714,0.8565028571428571,0.07,INSTITUTIONAL_DAYTRADE_1
2026-08-24T03:17:21.287908,EURGBPz,BUY,0.85583,0.8554935714285714,0.8565028571428571,0.07,INSTITUTIONAL_DAYTRADE_1
2026-08-24T03:17:22.577232,USDJPYz,SELL,158.822,158.93935714285715,158.5872857142857,0.04,INSTITUTIONAL_DAYTRADE_1
2026-08-24T03:18:21.781714,USDJPYz,SELL,158.819,158.93935714285715,158.57828571428567,0.04,INSTITUTIONAL_DAYTRADE_1
2026-08-24T03:18:23.042372,EURGBPz,BUY,0.85582,0.8554932142857142,0.8564735714285716,0.07,INSTITUTIONAL_DAYTRADE_1
2026-08-24T03:19:21.906479,USDJPYz,SELL,158.819,158.93935714285715,158.57828571428567,0.04,INSTITUTIONAL_DAYTRADE_1
2026-08-24T03:19:22.977316,EURGBPz,BUY,0.85581,0.8554925,0.8564449999999999,0.07,INSTITUTIONAL_DAYTRADE_1
2026-08-24T03:20:23.286824,USDJPYz,SELL,158.81,158.93935714285715,158.5512857142857,0.04,INSTITUTIONAL_DAYTRADE_1
2026-08-24T03:20:24.572021,EURGBPz,BUY,0.85584,0.8554925,0.8565350000000002,0.06,INSTITUTIONAL_DAYTRADE_1
2026-08-24T03:22:35.080656,USDJPYz,SELL,158.763,158.94071428571428,158.40757142857146,0.03,INSTITUTIONAL_DAYTRADE_3
2026-08-24T03:22:35.671804,EURGBPz,BUY,0.85586,0.8554917857142857,0.8565964285714284,0.06,INSTITUTIONAL_DAYTRADE_3
2026-08-24T03:34:36.720754,USDJPYz,SELL,158.748,158.90064285714286,158.44271428571426,0.03,INSTITUTIONAL_DAYTRADE_1
2026-08-24T04:45:46.143688,EURUSDz,BUY,1.16789,1.1672785714285714,1.168782142857143,0.05,INSTITUTIONAL_DAYTRADE
2026-08-24T05:00:45.671734,USDJPYz,SELL,158.85,159.06764285714283,158.52353571428574,0.02,INSTITUTIONAL_DAYTRADE
2026-08-24T05:01:46.008190,GBPUSDz,BUY,1.36471,1.3638278571428573,1.3660332142857143,0.03,INSTITUTIONAL_DAYTRADE
2026-08-24T05:45:48.568201,EURGBPz,BUY,0.85592,0.8556485714285714,0.8563271428571428,0.08,INSTITUTIONAL_DAYTRADE
2026-08-24T07:15:55.658008,BTCUSDz,BUY,77126.62,76546.85,78002.40000000001,0.01,INSTITUTIONAL_DAYTRADE
2026-08-24T07:29:55.972040,AUDUSDz,BUY,0.71671,0.7158835714285714,0.7179496428571428,0.04,INSTITUTIONAL_DAYTRADE
2026-08-24T09:45:09.006632,GBPUSDz,BUY,1.36411,1.363405,1.3653175000000002,0.04,INSTITUTIONAL_DAYTRADE
2026-08-24T10:30:52.860901,EURUSDz,BUY,1.16748,1.1666685714285714,1.168697142857143,0.04,INSTITUTIONAL_DAYTRADE
2026-08-24T10:30:53.879973,EURGBPz,BUY,0.85561,0.8553,0.856075,0.07,INSTITUTIONAL_DAYTRADE
2026-08-24T10:43:53.839166,EURUSDz,BUY,1.1667,1.166605,1.1667925000000001,0.4,INSTITUTIONAL_DAYTRADE
2026-08-24T12:00:22.628183,EURGBPz,BUY,0.85613,0.8555035714285715,0.8568817142857141,0.04,INSTITUTIONAL_DAYTRADE
2026-08-24T15:33:46.331541,AUDUSDz,BUY,0.71634,0.7156114285714286,0.7170685714285714,0.04,INSTITUTIONAL_DAYTRADE
2026-08-24T17:06:57.023129,EURAUDz,SELL,1.629,1.6304337142857144,1.627606285714286,0.03,INSTITUTIONAL_DAYTRADE
2026-08-24T18:17:02.256723,GBPUSDz,BUY,1.36382,1.3622817142857142,1.3653582857142859,0.02,INSTITUTIONAL_DAYTRADE
2026-08-25T10:00:52.452088,GBPUSDz,BUY,1.36286,1.3617877142857144,1.3644434285714282,0.03,CORE_SYSTEM
2026-08-25T10:02:52.654924,GBPJPYz,BUY,217.297,217.10845714285713,217.6680857142857,0.03,BREAKOUT
2026-08-25T10:06:52.929269,AUDJPYz,BUY,113.85,113.75731428571429,113.98902857142855,0.05,CORE_SYSTEM
2026-08-25T10:15:53.965658,EURUSDz,BUY,1.16596,1.164738,1.167793,0.02,CORE_SYSTEM
2026-08-25T10:19:53.961991,GBPUSDz,BUY,1.36441,1.3616625714285715,1.3685311428571425,0.01,CORE_SYSTEM
2026-08-25T10:30:54.809222,EURAUDz,SELL,1.6314600000000001,1.6326502857142857,1.6296745714285716,0.04,CORE_SYSTEM
2026-08-25T10:30:55.380017,AUDUSDz,BUY,0.71462,0.7139257142857142,0.7163907142857145,0.04,LIQUIDITY_SWEEP
2026-08-25T11:05:58.227249,EURJPYz,BUY,185.931,185.72806428571428,186.33687142857147,0.02,BREAKOUT
2026-08-25T11:17:00.065950,EURGBPz,BUY,0.8552,0.8545011428571427,0.8562482857142858,0.03,CORE_SYSTEM
2026-08-25T11:31:00.050280,AUDUSDz,BUY,0.71456,0.7133154285714285,0.7164018571428573,0.02,CORE_SYSTEM
2026-08-25T11:31:00.601043,EURAUDz,SELL,1.63212,1.6337725714285716,1.6296161428571425,0.03,CORE_SYSTEM
2026-08-25T11:33:00.499799,NZDUSDz,BUY,0.59527,0.5942011428571428,0.5968982857142859,0.03,CORE_SYSTEM
2026-08-25T12:14:03.767225,AUDJPYz,BUY,113.861,113.75385714285714,114.01921428571428,0.05,CORE_SYSTEM
2026-08-25T13:55:28.633986,EURUSDz,BUY,1.1661299999999999,1.1653314285714287,1.1673278571428567,0.04,CORE_SYSTEM
2026-08-25T14:30:30.990932,EURGBPz,BUY,0.85563,0.8545562857142857,0.8572405714285716,0.02,CORE_SYSTEM
2026-08-25T14:45:33.259786,EURAUDz,SELL,1.62976,1.6335205714285714,1.6241441428571433,0.01,CORE_SYSTEM
2026-08-25T14:51:33.822697,NZDUSDz,BUY,0.59699,0.5956116428571427,0.5997167142857144,0.02,BREAKOUT
2026-08-25T16:10:42.147811,AUDUSDz,BUY,0.71586,0.715036,0.7174480000000001,0.04,BREAKOUT
2026-08-25T16:12:41.988794,EURUSDz,BUY,1.16739,1.1662433571428572,1.1697132857142856,0.03,BREAKOUT
2026-08-25T17:16:48.928689,AUDJPYz,BUY,113.998,113.92152857142855,114.15094285714291,0.06,BREAKOUT
2026-08-25T17:26:50.098896,GBPJPYz,BUY,217.128,217.0014,217.3229,0.04,CORE_SYSTEM
2026-08-25T17:35:53.957628,USOILz,BUY,82.394,81.77590714285715,83.5641857142857,0.01,BREAKOUT
2026-08-25T17:38:50.801296,EURGBPz,BUY,0.85597,0.854767142857143,0.8577742857142856,0.02,CORE_SYSTEM
2026-08-25T17:41:50.731223,AUDUSDz,SELL,0.71585,0.7167571428571429,0.7135821428571427,0.03,LIQUIDITY_SWEEP
2026-08-25T18:36:53.792374,GBPJPYz,BUY,217.124,216.92951428571428,217.4157285714286,0.02,CORE_SYSTEM
2026-08-25T19:03:40.841499,GBPUSDz,BUY,1.36394,1.3615985714285714,1.3674771428571428,0.01,CORE_SYSTEM
2026-08-25T19:03:41.763836,EURUSDz,BUY,1.16723,1.1654477142857143,1.169953428571429,0.02,CORE_SYSTEM
2026-08-25T19:15:42.017607,EURGBPz,BUY,0.85585,0.8547628571428572,0.8574807142857143,0.02,CORE_SYSTEM
2026-08-25T19:30:45.086212,NZDUSDz,BUY,0.59694,0.5957848571428571,0.5986727142857144,0.03,CORE_SYSTEM
2026-08-25T21:39:54.860924,NZDUSDz,BUY,0.59719,0.5963165714285714,0.5985001428571428,0.03,CORE_SYSTEM
2026-08-25T21:39:55.419614,EURUSDz,BUY,1.16737,1.1663242857142857,1.1688635714285716,0.03,CORE_SYSTEM
2026-08-25T22:09:43.701798,AUDUSDz,BUY,0.71611,0.7155919285714285,0.7171461428571431,0.06,BREAKOUT
2026-08-25T22:12:45.777878,US30z,BUY,53561.0,53527.61142857143,53606.08285714286,0.1,CORE_SYSTEM
2026-08-25T22:41:49.741147,EURAUDz,SELL,1.62973,1.6309611428571427,1.6272677142857144,0.03,BREAKOUT
2026-08-25T23:02:52.522081,GBPJPYz,BUY,217.235,217.04545714285715,217.46431428571427,0.03,CORE_SYSTEM
2026-08-25T23:12:54.334523,AUDUSDz,BUY,0.71664,0.7150420000000001,0.7190619999999999,0.02,CORE_SYSTEM
2026-08-25T23:12:54.910417,NZDUSDz,BUY,0.59813,0.5963371428571429,0.6008192857142858,0.02,CORE_SYSTEM
2026-08-25T23:12:55.519254,EURAUDz,SELL,1.62955,1.6317528571428572,1.626195714285714,0.02,CORE_SYSTEM
2026-08-25T23:12:56.112681,EURUSDz,BUY,1.16782,1.1664691428571428,1.1698212857142858,0.02,CORE_SYSTEM
2026-08-26T01:19:02.628513,EURUSDz,BUY,1.16754,1.1664854285714286,1.1691218571428572,0.03,CORE_SYSTEM
2026-08-26T01:19:03.158554,AUDUSDz,BUY,0.71634,0.7155714285714285,0.7174928571428572,0.04,CORE_SYSTEM
2026-08-26T01:45:04.193797,EURAUDz,SELL,1.62982,1.631028,1.6280080000000003,0.03,CORE_SYSTEM
2026-08-26T02:12:05.902621,GBPJPYz,BUY,217.328,217.2450142857143,217.49397142857143,0.06,BREAKOUT
2026-08-26T03:16:09.295468,AUDJPYz,BUY,114.129,114.05167142857144,114.28365714285714,0.06,BREAKOUT
2026-08-26T04:00:11.874322,EURJPYz,BUY,185.788,185.67585714285715,186.06485714285714,0.04,LIQUIDITY_SWEEP
2026-08-26T04:03:11.832032,EURGBPz,BUY,0.85541,0.8550442857142857,0.8559585714285715,0.06,CORE_SYSTEM
2026-08-26T04:45:14.086270,NZDUSDz,BUY,0.59652,0.5955985714285714,0.5988235714285717,0.03,LIQUIDITY_SWEEP
2026-08-26T04:45:14.622165,EURJPYz,BUY,185.658,185.564,185.88600000000002,0.05,LIQUIDITY_SWEEP
2026-08-26T04:45:15.161479,GBPJPYz,BUY,217.079,216.96128571428574,217.36628571428565,0.04,LIQUIDITY_SWEEP
2026-08-26T04:47:14.225455,AUDJPYz,BUY,114.151,114.02879999999998,114.39540000000004,0.04,BREAKOUT
2026-08-26T04:56:15.099823,EURJPYz,BUY,185.611,185.54557142857144,185.83724999999998,0.07,LIQUIDITY_SWEEP
2026-08-26T04:57:14.787909,GBPJPYz,BUY,217.024,216.94114285714286,217.24105,0.06,LIQUIDITY_SWEEP
2026-08-26T05:44:17.173737,US30z,BUY,53617.0,53574.142857142855,53702.71428571429,0.07,BREAKOUT
2026-08-26T07:15:22.919232,EURJPYz,BUY,185.451,185.25474285714284,185.75538571428575,0.02,CORE_SYSTEM
2026-08-26T08:13:24.806812,USOILz,BUY,80.187,79.61282857142857,81.04825714285715,0.01,CORE_SYSTEM
2026-08-26T08:30:25.805297,GBPUSDz,BUY,1.36333,1.3622431428571429,1.3649602857142855,0.03,CORE_SYSTEM
2026-08-26T08:30:26.337256,EURUSDz,BUY,1.16644,1.1658114285714285,1.167382857142857,0.05,CORE_SYSTEM
2026-08-26T09:12:27.811302,AUDJPYz,BUY,114.29,114.1329642857143,114.61307142857143,0.03,BREAKOUT
2026-08-26T09:48:29.669485,EURJPYz,BUY,185.551,185.27685714285712,185.96221428571428,0.02,CORE_SYSTEM
2026-08-26T09:50:29.676636,EURGBPz,SELL,0.85603,0.8562775000000001,0.8554970000000001,0.09,LIQUIDITY_SWEEP
2026-08-26T10:02:30.298030,USOILz,BUY,80.098,79.60362857142857,80.83955714285713,0.01,CORE_SYSTEM
2026-08-26T10:15:31.643973,NZDUSDz,BUY,0.59513,0.5940711428571429,0.5967182857142858,0.03,CORE_SYSTEM
2026-08-26T11:16:36.486046,USOILz,BUY,79.806,79.2262,80.67569999999998,0.01,CORE_SYSTEM
2026-08-26T11:48:39.471567,GBPJPYz,BUY,216.68,216.57468571428572,216.84047142857145,0.04,CORE_SYSTEM
2026-08-26T12:00:39.963870,EURUSDz,BUY,1.16703,1.1655548571428571,1.1697132571428575,0.02,AMD_POC_PULLBACK
2026-08-26T13:45:45.142994,GBPUSDz,BUY,1.3621699999999999,1.3611437142857141,1.3637094285714286,0.03,CORE_SYSTEM
2026-08-26T13:45:45.677878,GBPJPYz,BUY,216.67,216.4753142857143,216.96202857142853,0.02,CORE_SYSTEM
2026-08-26T14:07:46.491656,AUDJPYz,BUY,114.25,114.16414285714285,114.41871428571429,0.06,BREAKOUT
2026-08-26T15:06:49.168155,AUDUSDz,BUY,0.71864,0.7180111428571428,0.7198977142857141,0.05,BREAKOUT
2026-08-26T16:15:52.475091,EURUSDz,BUY,1.16558,1.1645534285714285,1.1671198571428574,0.03,CORE_SYSTEM
2026-08-26T16:34:53.547900,USOILz,SELL,80.651,81.16285714285715,79.3293571428571,0.01,LIQUIDITY_SWEEP
2026-08-26T16:54:54.535440,EURAUDz,SELL,1.62358,1.624568357142857,1.6215732857142857,0.04,BREAKOUT
2026-08-26T17:45:57.015779,AUDUSDz,BUY,0.71704,0.7155314285714286,0.7193028571428571,0.02,CORE_SYSTEM
2026-08-27T05:20:14.132480,NZDUSDz,BUY,0.59519,0.5938385714285714,0.5972171428571429,0.02,CORE_SYSTEM
2026-08-27T05:20:14.681744,GBPJPYz,BUY,216.572,216.28,217.30550000000002,0.02,LIQUIDITY_SWEEP
2026-08-27T05:30:13.249202,EURUSDz,SELL,1.1655,1.16625,1.1636600000000001,0.04,LIQUIDITY_SWEEP
2026-08-27T07:15:15.244846,GBPUSDz,BUY,1.35904,1.3581314285714288,1.3613114285714283,0.03,LIQUIDITY_SWEEP
2026-08-27T07:42:07.092201,EURJPYz,BUY,185.741,185.45665714285715,186.17001428571425,0.02,CORE_SYSTEM
2026-08-27T07:59:57.107253,EURGBPz,BUY,0.85783,0.857612,0.8582659999999999,0.1,BREAKOUT
2026-08-27T09:28:10.822165,EURAUDz,SELL,1.62183,1.6228299285714283,1.6198901428571435,0.04,BREAKOUT
2026-08-27T09:30:10.802273,AUDUSDz,BUY,0.71861,0.7182218571428571,0.7194162857142858,0.08,BREAKOUT
2026-08-27T10:19:31.122847,XAUUSDz,BUY,4598.129,4589.921971428572,4604.734542857142,0.01,CORE_SYSTEM
2026-08-27T10:30:11.384539,USOILz,BUY,80.541,80.02428571428572,81.3160714285714,0.01,CORE_SYSTEM
2026-08-27T10:35:11.641815,NZDUSDz,BUY,0.59433,0.5935271428571428,0.5963371428571431,0.04,LIQUIDITY_SWEEP
2026-08-27T11:35:11.809291,EURJPYz,SELL,185.623,185.72071428571428,185.42757142857144,0.05,UT_LIQUIDITY
2026-08-27T16:15:20.911354,EURJPYz,BUY,185.724,185.59414285714286,185.98371428571429,0.04,UT_LIQUIDITY
2026-08-27T16:21:21.313450,GBPUSDz,BUY,1.35927,1.3576199999999998,1.36257,0.02,UT_LIQUIDITY
2026-08-28T13:10:20.130483,XAUUSDz,BUY,4608.242,4604.691428571428,4614.026285714286,0.01,UT_LIQUIDITY
2026-08-28T15:03:18.302616,US30z,BUY,53636.0,53608.357142857145,53682.07142857143,0.11,UT_LIQUIDITY
2026-08-28T15:56:24.626644,EURJPYz,BUY,185.871,185.8245,185.94850000000002,0.1,UT_LIQUIDITY
2026-08-28T16:26:26.611134,GBPUSDz,SELL,1.35767,1.3581714285714286,1.3568342857142857,0.06,UT_LIQUIDITY
2026-08-28T17:03:29.928007,EURJPYz,SELL,185.685,185.77392857142857,185.5367857142857,0.05,UT_LIQUIDITY
2026-08-28T17:04:30.041729,EURJPYz,SELL,185.586,185.70385714285715,185.38957142857143,0.04,UT_LIQUIDITY
2026-08-28T17:57:37.102140,EURJPYz,BUY,185.797,185.6397142857143,186.05914285714286,0.03,UT_LIQUIDITY
2026-08-28T18:10:42.829964,GBPUSDz,SELL,1.3564,1.3573028571428571,1.3548200000000001,0.03,UT_LIQUIDITY
2026-08-28T18:20:43.189715,US30z,BUY,53809.0,53760.828571428574,53893.3,0.06,UT_LIQUIDITY
2026-08-28T18:48:45.752987,EURJPYz,SELL,185.61,185.66114285714286,185.52050000000003,0.09,UT_LIQUIDITY
2026-08-28T18:50:39.326386,GBPUSDz,SELL,1.35547,1.35601,1.3545800000000003,0.06,UT_LIQUIDITY
2026-08-28T19:07:59.435194,US30z,BUY,53690.0,53640.71428571428,53768.857142857145,0.06,UT_LIQUIDITY
2026-08-31T19:30:20.223938,EURJPYz,BUY,185.516,185.4927857142857,185.55314285714286,0.21,UT_LIQUIDITY
2026-08-31T19:58:15.871225,XAUUSDz,SELL,4432.849,4436.182071428571,4427.118285714286,0.01,UT_LIQUIDITY
2026-08-31T20:28:36.711226,GBPUSDz,SELL,1.35498,1.355219285714286,1.3545971428571426,0.13,UT_LIQUIDITY
2026-09-02T11:14:30.930229,XAUUSDm,SELL,4324.821,4331.016357142857,4314.908428571429,0.01,UT_LIQUIDITY
2026-09-02T12:13:53.008298,XAUUSDm,SELL,4315.621,4320.4305,4307.762,0.01,UT_LIQUIDITY
2026-09-02T13:31:46.920585,XAUUSDm,SELL,4308.095,4312.436428571429,4301.148714285713,0.01,UT_LIQUIDITY
2026-09-02T18:03:40.954363,XAUUSDm,BUY,4379.955,4373.140071428571,4389.6082857142865,0.01,UT_LIQUIDITY
2026-09-03T10:02:02.087614,XAUUSDm,BUY,4424.728,4420.099428571429,4431.457714285713,0.01,UT_LIQUIDITY
2026-09-03T10:19:10.617460,XAUUSDm,BUY,4426.138,4421.111857142858,4434.143428571428,0.05,UT_LIQUIDITY
2026-09-03T11:19:25.877894,XAUUSDm,BUY,4438.392,4431.879857142857,4448.135428571429,0.05,UT_LIQUIDITY
2026-09-03T12:30:06.800946,XAUUSDm,BUY,4436.105,4432.1375,4441.777000000002,0.05,UT_LIQUIDITY
2026-09-03T13:07:26.326109,XAUUSDm,BUY,4429.816,4425.763857142856,4435.623428571429,0.05,UT_LIQUIDITY
2026-09-03T13:28:01.396239,XAUUSDm,BUY,4424.359,4418.927928571429,4432.372714285713,0.05,UT_LIQUIDITY
2026-09-03T16:56:32.234048,XAUUSDm,BUY,4467.343,4457.630928571429,4481.319714285714,0.05,UT_LIQUIDITY
2026-09-03T17:43:57.627310,XAUUSDm,BUY,4474.597,4464.4195,4490.205000000001,0.05,UT_LIQUIDITY
2026-09-03T19:10:58.129513,XAUUSDm,BUY,4493.967,4488.486642857142,4502.059571428573,0.05,UT_LIQUIDITY
2026-09-07T11:07:27.595309,XAUUSDm,SELL,4410.109,4418.029571428571,4396.830285714286,0.01,UT_LIQUIDITY
2026-09-09T15:45:24.290731,XAUUSDm,BUY,4399.039,4392.4591412311465,4408.890774030166,0.01,UT_LIQUIDITY
2026-09-09T17:03:27.029178,XAUUSDm,BUY,4422.786,4414.165692677667,4435.902491715732,0.02,UT_LIQUIDITY
2026-09-09T17:27:12.594357,XAUUSDm,BUY,4420.836,4411.848972726206,4434.53924363807,0.02,UT_LIQUIDITY
